task_id,course_id,due_date,task_created_at,student_id,enrollment_date,submission_id,submitted_at,grade,motivation,available_time,sleep_hours,study_hours,enjoyment_studying,study_place_tranquility,academic_pressure,gender
1,1,2025-11-18 02:15:00+00:00,2025-11-17 23:16:01.707655+00:00,1,2025-11-17 23:24:19.429780,1.0,2025-11-17 23:36:56.468394+00:00,6.6,8.918280395373651,6.075032265668001,6.8250879551073576,6.669632214446469,8.209413642492038,9.030098462268734,5.676538703114536,masculino
2,2,2025-08-20 01:28:43.220875+00:00,2025-08-13 01:28:43.222690+00:00,8,2025-07-26 01:28:43.137687,6.0,2025-08-24 01:28:43.220875+00:00,5.4,5.476231281122599,4.079456698704459,5.1873904797231845,4.581652233476849,5.505046822624951,6.403112657346533,6.790049032306008,otro
3,2,2025-09-09 01:28:43.222783+00:00,2025-09-02 01:28:43.222788+00:00,8,2025-07-26 01:28:43.137687,18.0,2025-09-15 01:28:43.222783+00:00,3.2,5.476231281122599,4.079456698704459,5.1873904797231845,4.581652233476849,5.505046822624951,6.403112657346533,6.790049032306008,otro
4,2,2025-09-29 01:28:43.222826+00:00,2025-09-22 01:28:43.222829+00:00,8,2025-07-26 01:28:43.137687,33.0,2025-09-29 01:28:43.222826+00:00,4.4,5.476231281122599,4.079456698704459,5.1873904797231845,4.581652233476849,5.505046822624951,6.403112657346533,6.790049032306008,otro
5,2,2025-10-19 01:28:43.222857+00:00,2025-10-12 01:28:43.222860+00:00,8,2025-07-26 01:28:43.137687,,,,5.476231281122599,4.079456698704459,5.1873904797231845,4.581652233476849,5.505046822624951,6.403112657346533,6.790049032306008,otro
6,2,2025-11-08 01:28:43.222884+00:00,2025-11-01 01:28:43.222887+00:00,8,2025-07-26 01:28:43.137687,58.0,2025-11-12 01:28:43.222884+00:00,4.1,5.476231281122599,4.079456698704459,5.1873904797231845,4.581652233476849,5.505046822624951,6.403112657346533,6.790049032306008,otro
7,3,2025-08-20 01:28:43.222913+00:00,2025-08-13 01:28:43.223605+00:00,8,2025-07-26 01:28:43.174895,80.0,2025-08-26 01:28:43.222913+00:00,3.2,5.476231281122599,4.079456698704459,5.1873904797231845,4.581652233476849,5.505046822624951,6.403112657346533,6.790049032306008,otro
8,3,2025-09-09 01:28:43.223667+00:00,2025-09-02 01:28:43.223671+00:00,8,2025-07-26 01:28:43.174895,95.0,2025-09-09 01:28:43.223667+00:00,4.0,5.476231281122599,4.079456698704459,5.1873904797231845,4.581652233476849,5.505046822624951,6.403112657346533,6.790049032306008,otro
9,3,2025-09-29 01:28:43.223700+00:00,2025-09-22 01:28:43.223702+00:00,8,2025-07-26 01:28:43.174895,109.0,2025-09-29 01:28:43.223700+00:00,3.6,5.476231281122599,4.079456698704459,5.1873904797231845,4.581652233476849,5.505046822624951,6.403112657346533,6.790049032306008,otro
10,3,2025-10-19 01:28:43.223864+00:00,2025-10-12 01:28:43.223914+00:00,8,2025-07-26 01:28:43.174895,120.0,2025-10-19 01:28:43.223864+00:00,4.5,5.476231281122599,4.079456698704459,5.1873904797231845,4.581652233476849,5.505046822624951,6.403112657346533,6.790049032306008,otro
11,3,2025-11-08 01:28:43.224011+00:00,2025-11-01 01:28:43.224017+00:00,8,2025-07-26 01:28:43.174895,133.0,2025-11-08 01:28:43.224011+00:00,5.7,5.476231281122599,4.079456698704459,5.1873904797231845,4.581652233476849,5.505046822624951,6.403112657346533,6.790049032306008,otro
12,4,2025-08-20 01:28:43.224056+00:00,2025-08-13 01:28:43.225516+00:00,8,2025-07-26 01:28:43.193875,148.0,2025-08-20 01:28:43.224056+00:00,4.7,5.476231281122599,4.079456698704459,5.1873904797231845,4.581652233476849,5.505046822624951,6.403112657346533,6.790049032306008,otro
13,4,2025-09-09 01:28:43.225618+00:00,2025-09-02 01:28:43.225625+00:00,8,2025-07-26 01:28:43.193875,159.0,2025-09-09 01:28:43.225618+00:00,4.7,5.476231281122599,4.079456698704459,5.1873904797231845,4.581652233476849,5.505046822624951,6.403112657346533,6.790049032306008,otro
14,4,2025-09-29 01:28:43.225669+00:00,2025-09-22 01:28:43.225672+00:00,8,2025-07-26 01:28:43.193875,,,,5.476231281122599,4.079456698704459,5.1873904797231845,4.581652233476849,5.505046822624951,6.403112657346533,6.790049032306008,otro
15,4,2025-10-19 01:28:43.225707+00:00,2025-10-12 01:28:43.225709+00:00,8,2025-07-26 01:28:43.193875,,,,5.476231281122599,4.079456698704459,5.1873904797231845,4.581652233476849,5.505046822624951,6.403112657346533,6.790049032306008,otro
16,4,2025-11-08 01:28:43.225739+00:00,2025-11-01 01:28:43.225742+00:00,8,2025-07-26 01:28:43.193875,187.0,2025-11-08 01:28:43.225739+00:00,4.4,5.476231281122599,4.079456698704459,5.1873904797231845,4.581652233476849,5.505046822624951,6.403112657346533,6.790049032306008,otro
17,5,2025-08-20 01:28:43.225844+00:00,2025-08-13 01:28:43.226735+00:00,8,2025-07-26 01:28:43.200554,193.0,2025-08-20 01:28:43.225844+00:00,3.6,5.476231281122599,4.079456698704459,5.1873904797231845,4.581652233476849,5.505046822624951,6.403112657346533,6.790049032306008,otro
18,5,2025-09-09 01:28:43.226818+00:00,2025-09-02 01:28:43.226823+00:00,8,2025-07-26 01:28:43.200554,207.0,2025-09-09 01:28:43.226818+00:00,3.6,5.476231281122599,4.079456698704459,5.1873904797231845,4.581652233476849,5.505046822624951,6.403112657346533,6.790049032306008,otro
19,5,2025-09-29 01:28:43.226857+00:00,2025-09-22 01:28:43.226860+00:00,8,2025-07-26 01:28:43.200554,,,,5.476231281122599,4.079456698704459,5.1873904797231845,4.581652233476849,5.505046822624951,6.403112657346533,6.790049032306008,otro
20,5,2025-10-19 01:28:43.226889+00:00,2025-10-12 01:28:43.226891+00:00,8,2025-07-26 01:28:43.200554,,,,5.476231281122599,4.079456698704459,5.1873904797231845,4.581652233476849,5.505046822624951,6.403112657346533,6.790049032306008,otro
21,5,2025-11-08 01:28:43.226915+00:00,2025-11-01 01:28:43.226918+00:00,8,2025-07-26 01:28:43.200554,237.0,2025-11-09 01:28:43.226915+00:00,5.9,5.476231281122599,4.079456698704459,5.1873904797231845,4.581652233476849,5.505046822624951,6.403112657346533,6.790049032306008,otro
17,5,2025-08-20 01:28:43.225844+00:00,2025-08-13 01:28:43.226735+00:00,9,2025-07-26 01:28:43.199766,,,,3.6348244418096503,2.66132186612209,4.357062735503635,4.42829137003348,2.019496279034183,5.417457755498424,8.094418184964681,femenino
18,5,2025-09-09 01:28:43.226818+00:00,2025-09-02 01:28:43.226823+00:00,9,2025-07-26 01:28:43.199766,,,,3.6348244418096503,2.66132186612209,4.357062735503635,4.42829137003348,2.019496279034183,5.417457755498424,8.094418184964681,femenino
19,5,2025-09-29 01:28:43.226857+00:00,2025-09-22 01:28:43.226860+00:00,9,2025-07-26 01:28:43.199766,215.0,2025-09-29 01:28:43.226857+00:00,6.3,3.6348244418096503,2.66132186612209,4.357062735503635,4.42829137003348,2.019496279034183,5.417457755498424,8.094418184964681,femenino
20,5,2025-10-19 01:28:43.226889+00:00,2025-10-12 01:28:43.226891+00:00,9,2025-07-26 01:28:43.199766,227.0,2025-10-22 01:28:43.226889+00:00,5.2,3.6348244418096503,2.66132186612209,4.357062735503635,4.42829137003348,2.019496279034183,5.417457755498424,8.094418184964681,femenino
21,5,2025-11-08 01:28:43.226915+00:00,2025-11-01 01:28:43.226918+00:00,9,2025-07-26 01:28:43.199766,,,,3.6348244418096503,2.66132186612209,4.357062735503635,4.42829137003348,2.019496279034183,5.417457755498424,8.094418184964681,femenino
2,2,2025-08-20 01:28:43.220875+00:00,2025-08-13 01:28:43.222690+00:00,10,2025-07-26 01:28:43.129337,3.0,2025-08-22 01:28:43.220875+00:00,5.8,4.694678354179104,4.538284405268972,6.526988258013048,4.2555256912996215,4.949818251593343,5.897448451211571,5.859889306197427,femenino
3,2,2025-09-09 01:28:43.222783+00:00,2025-09-02 01:28:43.222788+00:00,10,2025-07-26 01:28:43.129337,14.0,2025-09-09 01:28:43.222783+00:00,3.9,4.694678354179104,4.538284405268972,6.526988258013048,4.2555256912996215,4.949818251593343,5.897448451211571,5.859889306197427,femenino
4,2,2025-09-29 01:28:43.222826+00:00,2025-09-22 01:28:43.222829+00:00,10,2025-07-26 01:28:43.129337,29.0,2025-10-01 01:28:43.222826+00:00,3.5,4.694678354179104,4.538284405268972,6.526988258013048,4.2555256912996215,4.949818251593343,5.897448451211571,5.859889306197427,femenino
5,2,2025-10-19 01:28:43.222857+00:00,2025-10-12 01:28:43.222860+00:00,10,2025-07-26 01:28:43.129337,,,,4.694678354179104,4.538284405268972,6.526988258013048,4.2555256912996215,4.949818251593343,5.897448451211571,5.859889306197427,femenino
6,2,2025-11-08 01:28:43.222884+00:00,2025-11-01 01:28:43.222887+00:00,10,2025-07-26 01:28:43.129337,54.0,2025-11-11 01:28:43.222884+00:00,5.0,4.694678354179104,4.538284405268972,6.526988258013048,4.2555256912996215,4.949818251593343,5.897448451211571,5.859889306197427,femenino
12,4,2025-08-20 01:28:43.224056+00:00,2025-08-13 01:28:43.225516+00:00,10,2025-07-26 01:28:43.193112,147.0,2025-08-20 01:28:43.224056+00:00,5.4,4.694678354179104,4.538284405268972,6.526988258013048,4.2555256912996215,4.949818251593343,5.897448451211571,5.859889306197427,femenino
13,4,2025-09-09 01:28:43.225618+00:00,2025-09-02 01:28:43.225625+00:00,10,2025-07-26 01:28:43.193112,,,,4.694678354179104,4.538284405268972,6.526988258013048,4.2555256912996215,4.949818251593343,5.897448451211571,5.859889306197427,femenino
14,4,2025-09-29 01:28:43.225669+00:00,2025-09-22 01:28:43.225672+00:00,10,2025-07-26 01:28:43.193112,168.0,2025-10-01 01:28:43.225669+00:00,5.9,4.694678354179104,4.538284405268972,6.526988258013048,4.2555256912996215,4.949818251593343,5.897448451211571,5.859889306197427,femenino
15,4,2025-10-19 01:28:43.225707+00:00,2025-10-12 01:28:43.225709+00:00,10,2025-07-26 01:28:43.193112,,,,4.694678354179104,4.538284405268972,6.526988258013048,4.2555256912996215,4.949818251593343,5.897448451211571,5.859889306197427,femenino
16,4,2025-11-08 01:28:43.225739+00:00,2025-11-01 01:28:43.225742+00:00,10,2025-07-26 01:28:43.193112,,,,4.694678354179104,4.538284405268972,6.526988258013048,4.2555256912996215,4.949818251593343,5.897448451211571,5.859889306197427,femenino
2,2,2025-08-20 01:28:43.220875+00:00,2025-08-13 01:28:43.222690+00:00,11,2025-07-26 01:28:43.148568,11.0,2025-08-20 01:28:43.220875+00:00,4.5,6.017820683185951,5.824329466734545,6.072456182909401,6.432789409948427,4.946335943020884,6.3801015781830674,7.073511660632487,otro
3,2,2025-09-09 01:28:43.222783+00:00,2025-09-02 01:28:43.222788+00:00,11,2025-07-26 01:28:43.148568,24.0,2025-09-13 01:28:43.222783+00:00,4.7,6.017820683185951,5.824329466734545,6.072456182909401,6.432789409948427,4.946335943020884,6.3801015781830674,7.073511660632487,otro
4,2,2025-09-29 01:28:43.222826+00:00,2025-09-22 01:28:43.222829+00:00,11,2025-07-26 01:28:43.148568,,,,6.017820683185951,5.824329466734545,6.072456182909401,6.432789409948427,4.946335943020884,6.3801015781830674,7.073511660632487,otro
5,2,2025-10-19 01:28:43.222857+00:00,2025-10-12 01:28:43.222860+00:00,11,2025-07-26 01:28:43.148568,47.0,2025-10-19 01:28:43.222857+00:00,4.6,6.017820683185951,5.824329466734545,6.072456182909401,6.432789409948427,4.946335943020884,6.3801015781830674,7.073511660632487,otro
6,2,2025-11-08 01:28:43.222884+00:00,2025-11-01 01:28:43.222887+00:00,11,2025-07-26 01:28:43.148568,64.0,2025-11-08 01:28:43.222884+00:00,4.6,6.017820683185951,5.824329466734545,6.072456182909401,6.432789409948427,4.946335943020884,6.3801015781830674,7.073511660632487,otro
7,3,2025-08-20 01:28:43.222913+00:00,2025-08-13 01:28:43.223605+00:00,11,2025-07-26 01:28:43.167709,76.0,2025-08-27 01:28:43.222913+00:00,2.8,6.017820683185951,5.824329466734545,6.072456182909401,6.432789409948427,4.946335943020884,6.3801015781830674,7.073511660632487,otro
8,3,2025-09-09 01:28:43.223667+00:00,2025-09-02 01:28:43.223671+00:00,11,2025-07-26 01:28:43.167709,91.0,2025-09-09 01:28:43.223667+00:00,4.3,6.017820683185951,5.824329466734545,6.072456182909401,6.432789409948427,4.946335943020884,6.3801015781830674,7.073511660632487,otro
9,3,2025-09-29 01:28:43.223700+00:00,2025-09-22 01:28:43.223702+00:00,11,2025-07-26 01:28:43.167709,106.0,2025-09-29 01:28:43.223700+00:00,4.3,6.017820683185951,5.824329466734545,6.072456182909401,6.432789409948427,4.946335943020884,6.3801015781830674,7.073511660632487,otro
10,3,2025-10-19 01:28:43.223864+00:00,2025-10-12 01:28:43.223914+00:00,11,2025-07-26 01:28:43.167709,117.0,2025-10-20 01:28:43.223864+00:00,3.7,6.017820683185951,5.824329466734545,6.072456182909401,6.432789409948427,4.946335943020884,6.3801015781830674,7.073511660632487,otro
11,3,2025-11-08 01:28:43.224011+00:00,2025-11-01 01:28:43.224017+00:00,11,2025-07-26 01:28:43.167709,,,,6.017820683185951,5.824329466734545,6.072456182909401,6.432789409948427,4.946335943020884,6.3801015781830674,7.073511660632487,otro
12,4,2025-08-20 01:28:43.224056+00:00,2025-08-13 01:28:43.225516+00:00,11,2025-07-26 01:28:43.188506,144.0,2025-08-20 01:28:43.224056+00:00,6.0,6.017820683185951,5.824329466734545,6.072456182909401,6.432789409948427,4.946335943020884,6.3801015781830674,7.073511660632487,otro
13,4,2025-09-09 01:28:43.225618+00:00,2025-09-02 01:28:43.225625+00:00,11,2025-07-26 01:28:43.188506,157.0,2025-09-16 01:28:43.225618+00:00,3.7,6.017820683185951,5.824329466734545,6.072456182909401,6.432789409948427,4.946335943020884,6.3801015781830674,7.073511660632487,otro
14,4,2025-09-29 01:28:43.225669+00:00,2025-09-22 01:28:43.225672+00:00,11,2025-07-26 01:28:43.188506,,,,6.017820683185951,5.824329466734545,6.072456182909401,6.432789409948427,4.946335943020884,6.3801015781830674,7.073511660632487,otro
15,4,2025-10-19 01:28:43.225707+00:00,2025-10-12 01:28:43.225709+00:00,11,2025-07-26 01:28:43.188506,178.0,2025-10-25 01:28:43.225707+00:00,4.1,6.017820683185951,5.824329466734545,6.072456182909401,6.432789409948427,4.946335943020884,6.3801015781830674,7.073511660632487,otro
16,4,2025-11-08 01:28:43.225739+00:00,2025-11-01 01:28:43.225742+00:00,11,2025-07-26 01:28:43.188506,185.0,2025-11-08 01:28:43.225739+00:00,4.0,6.017820683185951,5.824329466734545,6.072456182909401,6.432789409948427,4.946335943020884,6.3801015781830674,7.073511660632487,otro
7,3,2025-08-20 01:28:43.222913+00:00,2025-08-13 01:28:43.223605+00:00,12,2025-07-26 01:28:43.173316,79.0,2025-08-20 01:28:43.222913+00:00,6.3,6.2136293698420175,4.904087565417441,5.38457718051332,4.173887872059352,5.653158296419275,6.9326708519717295,7.463053801651895,masculino
8,3,2025-09-09 01:28:43.223667+00:00,2025-09-02 01:28:43.223671+00:00,12,2025-07-26 01:28:43.173316,94.0,2025-09-09 01:28:43.223667+00:00,4.1,6.2136293698420175,4.904087565417441,5.38457718051332,4.173887872059352,5.653158296419275,6.9326708519717295,7.463053801651895,masculino
9,3,2025-09-29 01:28:43.223700+00:00,2025-09-22 01:28:43.223702+00:00,12,2025-07-26 01:28:43.173316,108.0,2025-09-29 01:28:43.223700+00:00,4.5,6.2136293698420175,4.904087565417441,5.38457718051332,4.173887872059352,5.653158296419275,6.9326708519717295,7.463053801651895,masculino
10,3,2025-10-19 01:28:43.223864+00:00,2025-10-12 01:28:43.223914+00:00,12,2025-07-26 01:28:43.173316,,,,6.2136293698420175,4.904087565417441,5.38457718051332,4.173887872059352,5.653158296419275,6.9326708519717295,7.463053801651895,masculino
11,3,2025-11-08 01:28:43.224011+00:00,2025-11-01 01:28:43.224017+00:00,12,2025-07-26 01:28:43.173316,,,,6.2136293698420175,4.904087565417441,5.38457718051332,4.173887872059352,5.653158296419275,6.9326708519717295,7.463053801651895,masculino
17,5,2025-08-20 01:28:43.225844+00:00,2025-08-13 01:28:43.226735+00:00,12,2025-07-26 01:28:43.197357,191.0,2025-08-20 01:28:43.225844+00:00,5.0,6.2136293698420175,4.904087565417441,5.38457718051332,4.173887872059352,5.653158296419275,6.9326708519717295,7.463053801651895,masculino
18,5,2025-09-09 01:28:43.226818+00:00,2025-09-02 01:28:43.226823+00:00,12,2025-07-26 01:28:43.197357,205.0,2025-09-10 01:28:43.226818+00:00,5.8,6.2136293698420175,4.904087565417441,5.38457718051332,4.173887872059352,5.653158296419275,6.9326708519717295,7.463053801651895,masculino
19,5,2025-09-29 01:28:43.226857+00:00,2025-09-22 01:28:43.226860+00:00,12,2025-07-26 01:28:43.197357,213.0,2025-10-01 01:28:43.226857+00:00,3.8,6.2136293698420175,4.904087565417441,5.38457718051332,4.173887872059352,5.653158296419275,6.9326708519717295,7.463053801651895,masculino
20,5,2025-10-19 01:28:43.226889+00:00,2025-10-12 01:28:43.226891+00:00,12,2025-07-26 01:28:43.197357,225.0,2025-10-19 01:28:43.226889+00:00,4.4,6.2136293698420175,4.904087565417441,5.38457718051332,4.173887872059352,5.653158296419275,6.9326708519717295,7.463053801651895,masculino
21,5,2025-11-08 01:28:43.226915+00:00,2025-11-01 01:28:43.226918+00:00,12,2025-07-26 01:28:43.197357,236.0,2025-11-08 01:28:43.226915+00:00,4.6,6.2136293698420175,4.904087565417441,5.38457718051332,4.173887872059352,5.653158296419275,6.9326708519717295,7.463053801651895,masculino
7,3,2025-08-20 01:28:43.222913+00:00,2025-08-13 01:28:43.223605+00:00,13,2025-07-26 01:28:43.162630,,,,6.166209166888175,4.950315562597916,5.906820604736871,6.085276066601876,4.4066352428902125,5.888176750568804,6.675437935944233,otro
8,3,2025-09-09 01:28:43.223667+00:00,2025-09-02 01:28:43.223671+00:00,13,2025-07-26 01:28:43.162630,86.0,2025-09-09 01:28:43.223667+00:00,4.2,6.166209166888175,4.950315562597916,5.906820604736871,6.085276066601876,4.4066352428902125,5.888176750568804,6.675437935944233,otro
9,3,2025-09-29 01:28:43.223700+00:00,2025-09-22 01:28:43.223702+00:00,13,2025-07-26 01:28:43.162630,101.0,2025-09-29 01:28:43.223700+00:00,4.9,6.166209166888175,4.950315562597916,5.906820604736871,6.085276066601876,4.4066352428902125,5.888176750568804,6.675437935944233,otro
10,3,2025-10-19 01:28:43.223864+00:00,2025-10-12 01:28:43.223914+00:00,13,2025-07-26 01:28:43.162630,114.0,2025-10-19 01:28:43.223864+00:00,4.1,6.166209166888175,4.950315562597916,5.906820604736871,6.085276066601876,4.4066352428902125,5.888176750568804,6.675437935944233,otro
11,3,2025-11-08 01:28:43.224011+00:00,2025-11-01 01:28:43.224017+00:00,13,2025-07-26 01:28:43.162630,,,,6.166209166888175,4.950315562597916,5.906820604736871,6.085276066601876,4.4066352428902125,5.888176750568804,6.675437935944233,otro
12,4,2025-08-20 01:28:43.224056+00:00,2025-08-13 01:28:43.225516+00:00,13,2025-07-26 01:28:43.192235,146.0,2025-08-20 01:28:43.224056+00:00,3.7,6.166209166888175,4.950315562597916,5.906820604736871,6.085276066601876,4.4066352428902125,5.888176750568804,6.675437935944233,otro
13,4,2025-09-09 01:28:43.225618+00:00,2025-09-02 01:28:43.225625+00:00,13,2025-07-26 01:28:43.192235,,,,6.166209166888175,4.950315562597916,5.906820604736871,6.085276066601876,4.4066352428902125,5.888176750568804,6.675437935944233,otro
14,4,2025-09-29 01:28:43.225669+00:00,2025-09-22 01:28:43.225672+00:00,13,2025-07-26 01:28:43.192235,167.0,2025-09-30 01:28:43.225669+00:00,5.1,6.166209166888175,4.950315562597916,5.906820604736871,6.085276066601876,4.4066352428902125,5.888176750568804,6.675437935944233,otro
15,4,2025-10-19 01:28:43.225707+00:00,2025-10-12 01:28:43.225709+00:00,13,2025-07-26 01:28:43.192235,179.0,2025-10-19 01:28:43.225707+00:00,6.0,6.166209166888175,4.950315562597916,5.906820604736871,6.085276066601876,4.4066352428902125,5.888176750568804,6.675437935944233,otro
16,4,2025-11-08 01:28:43.225739+00:00,2025-11-01 01:28:43.225742+00:00,13,2025-07-26 01:28:43.192235,186.0,2025-11-08 01:28:43.225739+00:00,5.5,6.166209166888175,4.950315562597916,5.906820604736871,6.085276066601876,4.4066352428902125,5.888176750568804,6.675437935944233,otro
17,5,2025-08-20 01:28:43.225844+00:00,2025-08-13 01:28:43.226735+00:00,13,2025-07-26 01:28:43.205670,,,,6.166209166888175,4.950315562597916,5.906820604736871,6.085276066601876,4.4066352428902125,5.888176750568804,6.675437935944233,otro
18,5,2025-09-09 01:28:43.226818+00:00,2025-09-02 01:28:43.226823+00:00,13,2025-07-26 01:28:43.205670,,,,6.166209166888175,4.950315562597916,5.906820604736871,6.085276066601876,4.4066352428902125,5.888176750568804,6.675437935944233,otro
19,5,2025-09-29 01:28:43.226857+00:00,2025-09-22 01:28:43.226860+00:00,13,2025-07-26 01:28:43.205670,219.0,2025-10-05 01:28:43.226857+00:00,3.5,6.166209166888175,4.950315562597916,5.906820604736871,6.085276066601876,4.4066352428902125,5.888176750568804,6.675437935944233,otro
20,5,2025-10-19 01:28:43.226889+00:00,2025-10-12 01:28:43.226891+00:00,13,2025-07-26 01:28:43.205670,,,,6.166209166888175,4.950315562597916,5.906820604736871,6.085276066601876,4.4066352428902125,5.888176750568804,6.675437935944233,otro
21,5,2025-11-08 01:28:43.226915+00:00,2025-11-01 01:28:43.226918+00:00,13,2025-07-26 01:28:43.205670,242.0,2025-11-12 01:28:43.226915+00:00,3.1,6.166209166888175,4.950315562597916,5.906820604736871,6.085276066601876,4.4066352428902125,5.888176750568804,6.675437935944233,otro
2,2,2025-08-20 01:28:43.220875+00:00,2025-08-13 01:28:43.222690+00:00,14,2025-07-26 01:28:43.152170,,,,6.3416364692812355,5.620088463116484,6.218262011333977,4.4278466204952425,5.822816994875873,5.408506234404821,5.9486386043941195,otro
3,2,2025-09-09 01:28:43.222783+00:00,2025-09-02 01:28:43.222788+00:00,14,2025-07-26 01:28:43.152170,25.0,2025-09-10 01:28:43.222783+00:00,3.4,6.3416364692812355,5.620088463116484,6.218262011333977,4.4278466204952425,5.822816994875873,5.408506234404821,5.9486386043941195,otro
4,2,2025-09-29 01:28:43.222826+00:00,2025-09-22 01:28:43.222829+00:00,14,2025-07-26 01:28:43.152170,,,,6.3416364692812355,5.620088463116484,6.218262011333977,4.4278466204952425,5.822816994875873,5.408506234404821,5.9486386043941195,otro
5,2,2025-10-19 01:28:43.222857+00:00,2025-10-12 01:28:43.222860+00:00,14,2025-07-26 01:28:43.152170,48.0,2025-10-25 01:28:43.222857+00:00,3.8,6.3416364692812355,5.620088463116484,6.218262011333977,4.4278466204952425,5.822816994875873,5.408506234404821,5.9486386043941195,otro
6,2,2025-11-08 01:28:43.222884+00:00,2025-11-01 01:28:43.222887+00:00,14,2025-07-26 01:28:43.152170,66.0,2025-11-08 01:28:43.222884+00:00,6.4,6.3416364692812355,5.620088463116484,6.218262011333977,4.4278466204952425,5.822816994875873,5.408506234404821,5.9486386043941195,otro
7,3,2025-08-20 01:28:43.222913+00:00,2025-08-13 01:28:43.223605+00:00,14,2025-07-26 01:28:43.174156,,,,6.3416364692812355,5.620088463116484,6.218262011333977,4.4278466204952425,5.822816994875873,5.408506234404821,5.9486386043941195,otro
8,3,2025-09-09 01:28:43.223667+00:00,2025-09-02 01:28:43.223671+00:00,14,2025-07-26 01:28:43.174156,,,,6.3416364692812355,5.620088463116484,6.218262011333977,4.4278466204952425,5.822816994875873,5.408506234404821,5.9486386043941195,otro
9,3,2025-09-29 01:28:43.223700+00:00,2025-09-22 01:28:43.223702+00:00,14,2025-07-26 01:28:43.174156,,,,6.3416364692812355,5.620088463116484,6.218262011333977,4.4278466204952425,5.822816994875873,5.408506234404821,5.9486386043941195,otro
10,3,2025-10-19 01:28:43.223864+00:00,2025-10-12 01:28:43.223914+00:00,14,2025-07-26 01:28:43.174156,119.0,2025-10-19 01:28:43.223864+00:00,5.5,6.3416364692812355,5.620088463116484,6.218262011333977,4.4278466204952425,5.822816994875873,5.408506234404821,5.9486386043941195,otro
11,3,2025-11-08 01:28:43.224011+00:00,2025-11-01 01:28:43.224017+00:00,14,2025-07-26 01:28:43.174156,132.0,2025-11-09 01:28:43.224011+00:00,4.0,6.3416364692812355,5.620088463116484,6.218262011333977,4.4278466204952425,5.822816994875873,5.408506234404821,5.9486386043941195,otro
17,5,2025-08-20 01:28:43.225844+00:00,2025-08-13 01:28:43.226735+00:00,14,2025-07-26 01:28:43.195429,,,,6.3416364692812355,5.620088463116484,6.218262011333977,4.4278466204952425,5.822816994875873,5.408506234404821,5.9486386043941195,otro
18,5,2025-09-09 01:28:43.226818+00:00,2025-09-02 01:28:43.226823+00:00,14,2025-07-26 01:28:43.195429,203.0,2025-09-09 01:28:43.226818+00:00,5.3,6.3416364692812355,5.620088463116484,6.218262011333977,4.4278466204952425,5.822816994875873,5.408506234404821,5.9486386043941195,otro
19,5,2025-09-29 01:28:43.226857+00:00,2025-09-22 01:28:43.226860+00:00,14,2025-07-26 01:28:43.195429,211.0,2025-10-05 01:28:43.226857+00:00,3.5,6.3416364692812355,5.620088463116484,6.218262011333977,4.4278466204952425,5.822816994875873,5.408506234404821,5.9486386043941195,otro
20,5,2025-10-19 01:28:43.226889+00:00,2025-10-12 01:28:43.226891+00:00,14,2025-07-26 01:28:43.195429,,,,6.3416364692812355,5.620088463116484,6.218262011333977,4.4278466204952425,5.822816994875873,5.408506234404821,5.9486386043941195,otro
21,5,2025-11-08 01:28:43.226915+00:00,2025-11-01 01:28:43.226918+00:00,14,2025-07-26 01:28:43.195429,234.0,2025-11-08 01:28:43.226915+00:00,4.7,6.3416364692812355,5.620088463116484,6.218262011333977,4.4278466204952425,5.822816994875873,5.408506234404821,5.9486386043941195,otro
2,2,2025-08-20 01:28:43.220875+00:00,2025-08-13 01:28:43.222690+00:00,15,2025-07-26 01:28:43.146733,,,,9.06448587529994,6.658845521910807,6.972848203245966,8.304940732777116,6.167813842647852,9.465407782020424,5.415137402313643,femenino
3,2,2025-09-09 01:28:43.222783+00:00,2025-09-02 01:28:43.222788+00:00,15,2025-07-26 01:28:43.146733,23.0,2025-09-09 01:28:43.222783+00:00,5.7,9.06448587529994,6.658845521910807,6.972848203245966,8.304940732777116,6.167813842647852,9.465407782020424,5.415137402313643,femenino
4,2,2025-09-29 01:28:43.222826+00:00,2025-09-22 01:28:43.222829+00:00,15,2025-07-26 01:28:43.146733,38.0,2025-09-29 01:28:43.222826+00:00,3.7,9.06448587529994,6.658845521910807,6.972848203245966,8.304940732777116,6.167813842647852,9.465407782020424,5.415137402313643,femenino
5,2,2025-10-19 01:28:43.222857+00:00,2025-10-12 01:28:43.222860+00:00,15,2025-07-26 01:28:43.146733,46.0,2025-10-19 01:28:43.222857+00:00,6.1,9.06448587529994,6.658845521910807,6.972848203245966,8.304940732777116,6.167813842647852,9.465407782020424,5.415137402313643,femenino
6,2,2025-11-08 01:28:43.222884+00:00,2025-11-01 01:28:43.222887+00:00,15,2025-07-26 01:28:43.146733,63.0,2025-11-08 01:28:43.222884+00:00,4.6,9.06448587529994,6.658845521910807,6.972848203245966,8.304940732777116,6.167813842647852,9.465407782020424,5.415137402313643,femenino
7,3,2025-08-20 01:28:43.222913+00:00,2025-08-13 01:28:43.223605+00:00,15,2025-07-26 01:28:43.171240,78.0,2025-08-22 01:28:43.222913+00:00,5.9,9.06448587529994,6.658845521910807,6.972848203245966,8.304940732777116,6.167813842647852,9.465407782020424,5.415137402313643,femenino
8,3,2025-09-09 01:28:43.223667+00:00,2025-09-02 01:28:43.223671+00:00,15,2025-07-26 01:28:43.171240,93.0,2025-09-09 01:28:43.223667+00:00,5.6,9.06448587529994,6.658845521910807,6.972848203245966,8.304940732777116,6.167813842647852,9.465407782020424,5.415137402313643,femenino
9,3,2025-09-29 01:28:43.223700+00:00,2025-09-22 01:28:43.223702+00:00,15,2025-07-26 01:28:43.171240,,,,9.06448587529994,6.658845521910807,6.972848203245966,8.304940732777116,6.167813842647852,9.465407782020424,5.415137402313643,femenino
10,3,2025-10-19 01:28:43.223864+00:00,2025-10-12 01:28:43.223914+00:00,15,2025-07-26 01:28:43.171240,118.0,2025-10-19 01:28:43.223864+00:00,6.2,9.06448587529994,6.658845521910807,6.972848203245966,8.304940732777116,6.167813842647852,9.465407782020424,5.415137402313643,femenino
11,3,2025-11-08 01:28:43.224011+00:00,2025-11-01 01:28:43.224017+00:00,15,2025-07-26 01:28:43.171240,131.0,2025-11-08 01:28:43.224011+00:00,5.5,9.06448587529994,6.658845521910807,6.972848203245966,8.304940732777116,6.167813842647852,9.465407782020424,5.415137402313643,femenino
12,4,2025-08-20 01:28:43.224056+00:00,2025-08-13 01:28:43.225516+00:00,15,2025-07-26 01:28:43.194979,150.0,2025-08-24 01:28:43.224056+00:00,5.5,9.06448587529994,6.658845521910807,6.972848203245966,8.304940732777116,6.167813842647852,9.465407782020424,5.415137402313643,femenino
13,4,2025-09-09 01:28:43.225618+00:00,2025-09-02 01:28:43.225625+00:00,15,2025-07-26 01:28:43.194979,,,,9.06448587529994,6.658845521910807,6.972848203245966,8.304940732777116,6.167813842647852,9.465407782020424,5.415137402313643,femenino
14,4,2025-09-29 01:28:43.225669+00:00,2025-09-22 01:28:43.225672+00:00,15,2025-07-26 01:28:43.194979,170.0,2025-09-29 01:28:43.225669+00:00,5.4,9.06448587529994,6.658845521910807,6.972848203245966,8.304940732777116,6.167813842647852,9.465407782020424,5.415137402313643,femenino
15,4,2025-10-19 01:28:43.225707+00:00,2025-10-12 01:28:43.225709+00:00,15,2025-07-26 01:28:43.194979,180.0,2025-10-26 01:28:43.225707+00:00,2.6,9.06448587529994,6.658845521910807,6.972848203245966,8.304940732777116,6.167813842647852,9.465407782020424,5.415137402313643,femenino
16,4,2025-11-08 01:28:43.225739+00:00,2025-11-01 01:28:43.225742+00:00,15,2025-07-26 01:28:43.194979,189.0,2025-11-08 01:28:43.225739+00:00,3.6,9.06448587529994,6.658845521910807,6.972848203245966,8.304940732777116,6.167813842647852,9.465407782020424,5.415137402313643,femenino
2,2,2025-08-20 01:28:43.220875+00:00,2025-08-13 01:28:43.222690+00:00,16,2025-07-26 01:28:43.131909,4.0,2025-08-20 01:28:43.220875+00:00,4.7,4.669352189939257,4.527457108965816,6.885819428670109,6.190919066181673,4.786694701996195,6.6385966632372,5.98907975265166,otro
3,2,2025-09-09 01:28:43.222783+00:00,2025-09-02 01:28:43.222788+00:00,16,2025-07-26 01:28:43.131909,15.0,2025-09-10 01:28:43.222783+00:00,4.5,4.669352189939257,4.527457108965816,6.885819428670109,6.190919066181673,4.786694701996195,6.6385966632372,5.98907975265166,otro
4,2,2025-09-29 01:28:43.222826+00:00,2025-09-22 01:28:43.222829+00:00,16,2025-07-26 01:28:43.131909,30.0,2025-09-29 01:28:43.222826+00:00,4.2,4.669352189939257,4.527457108965816,6.885819428670109,6.190919066181673,4.786694701996195,6.6385966632372,5.98907975265166,otro
5,2,2025-10-19 01:28:43.222857+00:00,2025-10-12 01:28:43.222860+00:00,16,2025-07-26 01:28:43.131909,,,,4.669352189939257,4.527457108965816,6.885819428670109,6.190919066181673,4.786694701996195,6.6385966632372,5.98907975265166,otro
6,2,2025-11-08 01:28:43.222884+00:00,2025-11-01 01:28:43.222887+00:00,16,2025-07-26 01:28:43.131909,55.0,2025-11-08 01:28:43.222884+00:00,3.9,4.669352189939257,4.527457108965816,6.885819428670109,6.190919066181673,4.786694701996195,6.6385966632372,5.98907975265166,otro
7,3,2025-08-20 01:28:43.222913+00:00,2025-08-13 01:28:43.223605+00:00,16,2025-07-26 01:28:43.177460,,,,4.669352189939257,4.527457108965816,6.885819428670109,6.190919066181673,4.786694701996195,6.6385966632372,5.98907975265166,otro
8,3,2025-09-09 01:28:43.223667+00:00,2025-09-02 01:28:43.223671+00:00,16,2025-07-26 01:28:43.177460,97.0,2025-09-09 01:28:43.223667+00:00,5.3,4.669352189939257,4.527457108965816,6.885819428670109,6.190919066181673,4.786694701996195,6.6385966632372,5.98907975265166,otro
9,3,2025-09-29 01:28:43.223700+00:00,2025-09-22 01:28:43.223702+00:00,16,2025-07-26 01:28:43.177460,111.0,2025-09-29 01:28:43.223700+00:00,4.1,4.669352189939257,4.527457108965816,6.885819428670109,6.190919066181673,4.786694701996195,6.6385966632372,5.98907975265166,otro
10,3,2025-10-19 01:28:43.223864+00:00,2025-10-12 01:28:43.223914+00:00,16,2025-07-26 01:28:43.177460,122.0,2025-10-25 01:28:43.223864+00:00,2.6,4.669352189939257,4.527457108965816,6.885819428670109,6.190919066181673,4.786694701996195,6.6385966632372,5.98907975265166,otro
11,3,2025-11-08 01:28:43.224011+00:00,2025-11-01 01:28:43.224017+00:00,16,2025-07-26 01:28:43.177460,135.0,2025-11-08 01:28:43.224011+00:00,6.3,4.669352189939257,4.527457108965816,6.885819428670109,6.190919066181673,4.786694701996195,6.6385966632372,5.98907975265166,otro
12,4,2025-08-20 01:28:43.224056+00:00,2025-08-13 01:28:43.225516+00:00,16,2025-07-26 01:28:43.194501,149.0,2025-08-22 01:28:43.224056+00:00,5.6,4.669352189939257,4.527457108965816,6.885819428670109,6.190919066181673,4.786694701996195,6.6385966632372,5.98907975265166,otro
13,4,2025-09-09 01:28:43.225618+00:00,2025-09-02 01:28:43.225625+00:00,16,2025-07-26 01:28:43.194501,,,,4.669352189939257,4.527457108965816,6.885819428670109,6.190919066181673,4.786694701996195,6.6385966632372,5.98907975265166,otro
14,4,2025-09-29 01:28:43.225669+00:00,2025-09-22 01:28:43.225672+00:00,16,2025-07-26 01:28:43.194501,169.0,2025-10-01 01:28:43.225669+00:00,5.6,4.669352189939257,4.527457108965816,6.885819428670109,6.190919066181673,4.786694701996195,6.6385966632372,5.98907975265166,otro
15,4,2025-10-19 01:28:43.225707+00:00,2025-10-12 01:28:43.225709+00:00,16,2025-07-26 01:28:43.194501,,,,4.669352189939257,4.527457108965816,6.885819428670109,6.190919066181673,4.786694701996195,6.6385966632372,5.98907975265166,otro
16,4,2025-11-08 01:28:43.225739+00:00,2025-11-01 01:28:43.225742+00:00,16,2025-07-26 01:28:43.194501,188.0,2025-11-08 01:28:43.225739+00:00,5.9,4.669352189939257,4.527457108965816,6.885819428670109,6.190919066181673,4.786694701996195,6.6385966632372,5.98907975265166,otro
17,5,2025-08-20 01:28:43.225844+00:00,2025-08-13 01:28:43.226735+00:00,16,2025-07-26 01:28:43.201872,195.0,2025-08-20 01:28:43.225844+00:00,6.1,4.669352189939257,4.527457108965816,6.885819428670109,6.190919066181673,4.786694701996195,6.6385966632372,5.98907975265166,otro
18,5,2025-09-09 01:28:43.226818+00:00,2025-09-02 01:28:43.226823+00:00,16,2025-07-26 01:28:43.201872,,,,4.669352189939257,4.527457108965816,6.885819428670109,6.190919066181673,4.786694701996195,6.6385966632372,5.98907975265166,otro
19,5,2025-09-29 01:28:43.226857+00:00,2025-09-22 01:28:43.226860+00:00,16,2025-07-26 01:28:43.201872,217.0,2025-10-02 01:28:43.226857+00:00,5.6,4.669352189939257,4.527457108965816,6.885819428670109,6.190919066181673,4.786694701996195,6.6385966632372,5.98907975265166,otro
20,5,2025-10-19 01:28:43.226889+00:00,2025-10-12 01:28:43.226891+00:00,16,2025-07-26 01:28:43.201872,229.0,2025-10-23 01:28:43.226889+00:00,4.4,4.669352189939257,4.527457108965816,6.885819428670109,6.190919066181673,4.786694701996195,6.6385966632372,5.98907975265166,otro
21,5,2025-11-08 01:28:43.226915+00:00,2025-11-01 01:28:43.226918+00:00,16,2025-07-26 01:28:43.201872,,,,4.669352189939257,4.527457108965816,6.885819428670109,6.190919066181673,4.786694701996195,6.6385966632372,5.98907975265166,otro
2,2,2025-08-20 01:28:43.220875+00:00,2025-08-13 01:28:43.222690+00:00,17,2025-07-26 01:28:43.139975,8.0,2025-08-20 01:28:43.220875+00:00,5.3,5.147129631468497,4.662200416245131,5.493255015387967,5.403420335407877,4.656854021307338,6.461464975558851,7.244557209006192,femenino
3,2,2025-09-09 01:28:43.222783+00:00,2025-09-02 01:28:43.222788+00:00,17,2025-07-26 01:28:43.139975,20.0,2025-09-09 01:28:43.222783+00:00,6.3,5.147129631468497,4.662200416245131,5.493255015387967,5.403420335407877,4.656854021307338,6.461464975558851,7.244557209006192,femenino
4,2,2025-09-29 01:28:43.222826+00:00,2025-09-22 01:28:43.222829+00:00,17,2025-07-26 01:28:43.139975,,,,5.147129631468497,4.662200416245131,5.493255015387967,5.403420335407877,4.656854021307338,6.461464975558851,7.244557209006192,femenino
5,2,2025-10-19 01:28:43.222857+00:00,2025-10-12 01:28:43.222860+00:00,17,2025-07-26 01:28:43.139975,43.0,2025-10-23 01:28:43.222857+00:00,3.1,5.147129631468497,4.662200416245131,5.493255015387967,5.403420335407877,4.656854021307338,6.461464975558851,7.244557209006192,femenino
6,2,2025-11-08 01:28:43.222884+00:00,2025-11-01 01:28:43.222887+00:00,17,2025-07-26 01:28:43.139975,,,,5.147129631468497,4.662200416245131,5.493255015387967,5.403420335407877,4.656854021307338,6.461464975558851,7.244557209006192,femenino
7,3,2025-08-20 01:28:43.222913+00:00,2025-08-13 01:28:43.223605+00:00,17,2025-07-26 01:28:43.158569,70.0,2025-08-20 01:28:43.222913+00:00,3.7,5.147129631468497,4.662200416245131,5.493255015387967,5.403420335407877,4.656854021307338,6.461464975558851,7.244557209006192,femenino
8,3,2025-09-09 01:28:43.223667+00:00,2025-09-02 01:28:43.223671+00:00,17,2025-07-26 01:28:43.158569,,,,5.147129631468497,4.662200416245131,5.493255015387967,5.403420335407877,4.656854021307338,6.461464975558851,7.244557209006192,femenino
9,3,2025-09-29 01:28:43.223700+00:00,2025-09-22 01:28:43.223702+00:00,17,2025-07-26 01:28:43.158569,,,,5.147129631468497,4.662200416245131,5.493255015387967,5.403420335407877,4.656854021307338,6.461464975558851,7.244557209006192,femenino
10,3,2025-10-19 01:28:43.223864+00:00,2025-10-12 01:28:43.223914+00:00,17,2025-07-26 01:28:43.158569,,,,5.147129631468497,4.662200416245131,5.493255015387967,5.403420335407877,4.656854021307338,6.461464975558851,7.244557209006192,femenino
11,3,2025-11-08 01:28:43.224011+00:00,2025-11-01 01:28:43.224017+00:00,17,2025-07-26 01:28:43.158569,124.0,2025-11-09 01:28:43.224011+00:00,3.6,5.147129631468497,4.662200416245131,5.493255015387967,5.403420335407877,4.656854021307338,6.461464975558851,7.244557209006192,femenino
12,4,2025-08-20 01:28:43.224056+00:00,2025-08-13 01:28:43.225516+00:00,17,2025-07-26 01:28:43.187555,143.0,2025-08-20 01:28:43.224056+00:00,5.0,5.147129631468497,4.662200416245131,5.493255015387967,5.403420335407877,4.656854021307338,6.461464975558851,7.244557209006192,femenino
13,4,2025-09-09 01:28:43.225618+00:00,2025-09-02 01:28:43.225625+00:00,17,2025-07-26 01:28:43.187555,156.0,2025-09-09 01:28:43.225618+00:00,4.3,5.147129631468497,4.662200416245131,5.493255015387967,5.403420335407877,4.656854021307338,6.461464975558851,7.244557209006192,femenino
14,4,2025-09-29 01:28:43.225669+00:00,2025-09-22 01:28:43.225672+00:00,17,2025-07-26 01:28:43.187555,166.0,2025-10-06 01:28:43.225669+00:00,2.4,5.147129631468497,4.662200416245131,5.493255015387967,5.403420335407877,4.656854021307338,6.461464975558851,7.244557209006192,femenino
15,4,2025-10-19 01:28:43.225707+00:00,2025-10-12 01:28:43.225709+00:00,17,2025-07-26 01:28:43.187555,177.0,2025-10-19 01:28:43.225707+00:00,3.7,5.147129631468497,4.662200416245131,5.493255015387967,5.403420335407877,4.656854021307338,6.461464975558851,7.244557209006192,femenino
16,4,2025-11-08 01:28:43.225739+00:00,2025-11-01 01:28:43.225742+00:00,17,2025-07-26 01:28:43.187555,184.0,2025-11-08 01:28:43.225739+00:00,4.1,5.147129631468497,4.662200416245131,5.493255015387967,5.403420335407877,4.656854021307338,6.461464975558851,7.244557209006192,femenino
2,2,2025-08-20 01:28:43.220875+00:00,2025-08-13 01:28:43.222690+00:00,18,2025-07-26 01:28:43.133184,5.0,2025-08-20 01:28:43.220875+00:00,5.3,8.085989331140834,8.991977333967483,6.414995234672568,7.480547504668893,8.267346472601213,9.583308728999997,3.458523958044783,masculino
3,2,2025-09-09 01:28:43.222783+00:00,2025-09-02 01:28:43.222788+00:00,18,2025-07-26 01:28:43.133184,16.0,2025-09-09 01:28:43.222783+00:00,4.0,8.085989331140834,8.991977333967483,6.414995234672568,7.480547504668893,8.267346472601213,9.583308728999997,3.458523958044783,masculino
4,2,2025-09-29 01:28:43.222826+00:00,2025-09-22 01:28:43.222829+00:00,18,2025-07-26 01:28:43.133184,31.0,2025-09-29 01:28:43.222826+00:00,6.1,8.085989331140834,8.991977333967483,6.414995234672568,7.480547504668893,8.267346472601213,9.583308728999997,3.458523958044783,masculino
5,2,2025-10-19 01:28:43.222857+00:00,2025-10-12 01:28:43.222860+00:00,18,2025-07-26 01:28:43.133184,42.0,2025-10-24 01:28:43.222857+00:00,5.1,8.085989331140834,8.991977333967483,6.414995234672568,7.480547504668893,8.267346472601213,9.583308728999997,3.458523958044783,masculino
6,2,2025-11-08 01:28:43.222884+00:00,2025-11-01 01:28:43.222887+00:00,18,2025-07-26 01:28:43.133184,56.0,2025-11-08 01:28:43.222884+00:00,6.2,8.085989331140834,8.991977333967483,6.414995234672568,7.480547504668893,8.267346472601213,9.583308728999997,3.458523958044783,masculino
17,5,2025-08-20 01:28:43.225844+00:00,2025-08-13 01:28:43.226735+00:00,18,2025-07-26 01:28:43.207273,200.0,2025-08-20 01:28:43.225844+00:00,4.2,8.085989331140834,8.991977333967483,6.414995234672568,7.480547504668893,8.267346472601213,9.583308728999997,3.458523958044783,masculino
18,5,2025-09-09 01:28:43.226818+00:00,2025-09-02 01:28:43.226823+00:00,18,2025-07-26 01:28:43.207273,210.0,2025-09-09 01:28:43.226818+00:00,5.9,8.085989331140834,8.991977333967483,6.414995234672568,7.480547504668893,8.267346472601213,9.583308728999997,3.458523958044783,masculino
19,5,2025-09-29 01:28:43.226857+00:00,2025-09-22 01:28:43.226860+00:00,18,2025-07-26 01:28:43.207273,221.0,2025-09-30 01:28:43.226857+00:00,4.3,8.085989331140834,8.991977333967483,6.414995234672568,7.480547504668893,8.267346472601213,9.583308728999997,3.458523958044783,masculino
20,5,2025-10-19 01:28:43.226889+00:00,2025-10-12 01:28:43.226891+00:00,18,2025-07-26 01:28:43.207273,232.0,2025-10-19 01:28:43.226889+00:00,5.0,8.085989331140834,8.991977333967483,6.414995234672568,7.480547504668893,8.267346472601213,9.583308728999997,3.458523958044783,masculino
21,5,2025-11-08 01:28:43.226915+00:00,2025-11-01 01:28:43.226918+00:00,18,2025-07-26 01:28:43.207273,244.0,2025-11-10 01:28:43.226915+00:00,3.9,8.085989331140834,8.991977333967483,6.414995234672568,7.480547504668893,8.267346472601213,9.583308728999997,3.458523958044783,masculino
2,2,2025-08-20 01:28:43.220875+00:00,2025-08-13 01:28:43.222690+00:00,19,2025-07-26 01:28:43.153294,,,,9.376238093088892,7.266479900399052,6.190583118455871,7.14485785951961,8.98836414072029,8.587343035297412,5.913235132840855,masculino
3,2,2025-09-09 01:28:43.222783+00:00,2025-09-02 01:28:43.222788+00:00,19,2025-07-26 01:28:43.153294,,,,9.376238093088892,7.266479900399052,6.190583118455871,7.14485785951961,8.98836414072029,8.587343035297412,5.913235132840855,masculino
4,2,2025-09-29 01:28:43.222826+00:00,2025-09-22 01:28:43.222829+00:00,19,2025-07-26 01:28:43.153294,40.0,2025-09-29 01:28:43.222826+00:00,6.1,9.376238093088892,7.266479900399052,6.190583118455871,7.14485785951961,8.98836414072029,8.587343035297412,5.913235132840855,masculino
5,2,2025-10-19 01:28:43.222857+00:00,2025-10-12 01:28:43.222860+00:00,19,2025-07-26 01:28:43.153294,49.0,2025-10-19 01:28:43.222857+00:00,5.2,9.376238093088892,7.266479900399052,6.190583118455871,7.14485785951961,8.98836414072029,8.587343035297412,5.913235132840855,masculino
6,2,2025-11-08 01:28:43.222884+00:00,2025-11-01 01:28:43.222887+00:00,19,2025-07-26 01:28:43.153294,67.0,2025-11-08 01:28:43.222884+00:00,6.1,9.376238093088892,7.266479900399052,6.190583118455871,7.14485785951961,8.98836414072029,8.587343035297412,5.913235132840855,masculino
7,3,2025-08-20 01:28:43.222913+00:00,2025-08-13 01:28:43.223605+00:00,19,2025-07-26 01:28:43.165603,74.0,2025-08-20 01:28:43.222913+00:00,4.5,9.376238093088892,7.266479900399052,6.190583118455871,7.14485785951961,8.98836414072029,8.587343035297412,5.913235132840855,masculino
8,3,2025-09-09 01:28:43.223667+00:00,2025-09-02 01:28:43.223671+00:00,19,2025-07-26 01:28:43.165603,89.0,2025-09-09 01:28:43.223667+00:00,5.0,9.376238093088892,7.266479900399052,6.190583118455871,7.14485785951961,8.98836414072029,8.587343035297412,5.913235132840855,masculino
9,3,2025-09-29 01:28:43.223700+00:00,2025-09-22 01:28:43.223702+00:00,19,2025-07-26 01:28:43.165603,104.0,2025-09-30 01:28:43.223700+00:00,6.3,9.376238093088892,7.266479900399052,6.190583118455871,7.14485785951961,8.98836414072029,8.587343035297412,5.913235132840855,masculino
10,3,2025-10-19 01:28:43.223864+00:00,2025-10-12 01:28:43.223914+00:00,19,2025-07-26 01:28:43.165603,,,,9.376238093088892,7.266479900399052,6.190583118455871,7.14485785951961,8.98836414072029,8.587343035297412,5.913235132840855,masculino
11,3,2025-11-08 01:28:43.224011+00:00,2025-11-01 01:28:43.224017+00:00,19,2025-07-26 01:28:43.165603,,,,9.376238093088892,7.266479900399052,6.190583118455871,7.14485785951961,8.98836414072029,8.587343035297412,5.913235132840855,masculino
17,5,2025-08-20 01:28:43.225844+00:00,2025-08-13 01:28:43.226735+00:00,19,2025-07-26 01:28:43.204559,198.0,2025-08-20 01:28:43.225844+00:00,5.6,9.376238093088892,7.266479900399052,6.190583118455871,7.14485785951961,8.98836414072029,8.587343035297412,5.913235132840855,masculino
18,5,2025-09-09 01:28:43.226818+00:00,2025-09-02 01:28:43.226823+00:00,19,2025-07-26 01:28:43.204559,209.0,2025-09-12 01:28:43.226818+00:00,5.5,9.376238093088892,7.266479900399052,6.190583118455871,7.14485785951961,8.98836414072029,8.587343035297412,5.913235132840855,masculino
19,5,2025-09-29 01:28:43.226857+00:00,2025-09-22 01:28:43.226860+00:00,19,2025-07-26 01:28:43.204559,218.0,2025-09-29 01:28:43.226857+00:00,5.3,9.376238093088892,7.266479900399052,6.190583118455871,7.14485785951961,8.98836414072029,8.587343035297412,5.913235132840855,masculino
20,5,2025-10-19 01:28:43.226889+00:00,2025-10-12 01:28:43.226891+00:00,19,2025-07-26 01:28:43.204559,231.0,2025-10-26 01:28:43.226889+00:00,3.9,9.376238093088892,7.266479900399052,6.190583118455871,7.14485785951961,8.98836414072029,8.587343035297412,5.913235132840855,masculino
21,5,2025-11-08 01:28:43.226915+00:00,2025-11-01 01:28:43.226918+00:00,19,2025-07-26 01:28:43.204559,241.0,2025-11-08 01:28:43.226915+00:00,6.1,9.376238093088892,7.266479900399052,6.190583118455871,7.14485785951961,8.98836414072029,8.587343035297412,5.913235132840855,masculino
7,3,2025-08-20 01:28:43.222913+00:00,2025-08-13 01:28:43.223605+00:00,20,2025-07-26 01:28:43.170118,77.0,2025-08-27 01:28:43.222913+00:00,4.0,5.700708525641296,4.286379357459216,6.769576900258218,5.877194498979025,5.921496831643615,5.850438682577613,5.733750321618565,masculino
8,3,2025-09-09 01:28:43.223667+00:00,2025-09-02 01:28:43.223671+00:00,20,2025-07-26 01:28:43.170118,92.0,2025-09-09 01:28:43.223667+00:00,5.5,5.700708525641296,4.286379357459216,6.769576900258218,5.877194498979025,5.921496831643615,5.850438682577613,5.733750321618565,masculino
9,3,2025-09-29 01:28:43.223700+00:00,2025-09-22 01:28:43.223702+00:00,20,2025-07-26 01:28:43.170118,107.0,2025-09-29 01:28:43.223700+00:00,4.9,5.700708525641296,4.286379357459216,6.769576900258218,5.877194498979025,5.921496831643615,5.850438682577613,5.733750321618565,masculino
10,3,2025-10-19 01:28:43.223864+00:00,2025-10-12 01:28:43.223914+00:00,20,2025-07-26 01:28:43.170118,,,,5.700708525641296,4.286379357459216,6.769576900258218,5.877194498979025,5.921496831643615,5.850438682577613,5.733750321618565,masculino
11,3,2025-11-08 01:28:43.224011+00:00,2025-11-01 01:28:43.224017+00:00,20,2025-07-26 01:28:43.170118,,,,5.700708525641296,4.286379357459216,6.769576900258218,5.877194498979025,5.921496831643615,5.850438682577613,5.733750321618565,masculino
12,4,2025-08-20 01:28:43.224056+00:00,2025-08-13 01:28:43.225516+00:00,20,2025-07-26 01:28:43.179364,137.0,2025-08-27 01:28:43.224056+00:00,2.8,5.700708525641296,4.286379357459216,6.769576900258218,5.877194498979025,5.921496831643615,5.850438682577613,5.733750321618565,masculino
13,4,2025-09-09 01:28:43.225618+00:00,2025-09-02 01:28:43.225625+00:00,20,2025-07-26 01:28:43.179364,151.0,2025-09-09 01:28:43.225618+00:00,3.8,5.700708525641296,4.286379357459216,6.769576900258218,5.877194498979025,5.921496831643615,5.850438682577613,5.733750321618565,masculino
14,4,2025-09-29 01:28:43.225669+00:00,2025-09-22 01:28:43.225672+00:00,20,2025-07-26 01:28:43.179364,160.0,2025-10-06 01:28:43.225669+00:00,3.0,5.700708525641296,4.286379357459216,6.769576900258218,5.877194498979025,5.921496831643615,5.850438682577613,5.733750321618565,masculino
15,4,2025-10-19 01:28:43.225707+00:00,2025-10-12 01:28:43.225709+00:00,20,2025-07-26 01:28:43.179364,171.0,2025-10-22 01:28:43.225707+00:00,5.0,5.700708525641296,4.286379357459216,6.769576900258218,5.877194498979025,5.921496831643615,5.850438682577613,5.733750321618565,masculino
16,4,2025-11-08 01:28:43.225739+00:00,2025-11-01 01:28:43.225742+00:00,20,2025-07-26 01:28:43.179364,,,,5.700708525641296,4.286379357459216,6.769576900258218,5.877194498979025,5.921496831643615,5.850438682577613,5.733750321618565,masculino
17,5,2025-08-20 01:28:43.225844+00:00,2025-08-13 01:28:43.226735+00:00,20,2025-07-26 01:28:43.203017,197.0,2025-08-20 01:28:43.225844+00:00,5.2,5.700708525641296,4.286379357459216,6.769576900258218,5.877194498979025,5.921496831643615,5.850438682577613,5.733750321618565,masculino
18,5,2025-09-09 01:28:43.226818+00:00,2025-09-02 01:28:43.226823+00:00,20,2025-07-26 01:28:43.203017,208.0,2025-09-09 01:28:43.226818+00:00,6.1,5.700708525641296,4.286379357459216,6.769576900258218,5.877194498979025,5.921496831643615,5.850438682577613,5.733750321618565,masculino
19,5,2025-09-29 01:28:43.226857+00:00,2025-09-22 01:28:43.226860+00:00,20,2025-07-26 01:28:43.203017,,,,5.700708525641296,4.286379357459216,6.769576900258218,5.877194498979025,5.921496831643615,5.850438682577613,5.733750321618565,masculino
20,5,2025-10-19 01:28:43.226889+00:00,2025-10-12 01:28:43.226891+00:00,20,2025-07-26 01:28:43.203017,230.0,2025-10-26 01:28:43.226889+00:00,3.5,5.700708525641296,4.286379357459216,6.769576900258218,5.877194498979025,5.921496831643615,5.850438682577613,5.733750321618565,masculino
21,5,2025-11-08 01:28:43.226915+00:00,2025-11-01 01:28:43.226918+00:00,20,2025-07-26 01:28:43.203017,240.0,2025-11-11 01:28:43.226915+00:00,3.3,5.700708525641296,4.286379357459216,6.769576900258218,5.877194498979025,5.921496831643615,5.850438682577613,5.733750321618565,masculino
2,2,2025-08-20 01:28:43.220875+00:00,2025-08-13 01:28:43.222690+00:00,21,2025-07-26 01:28:43.135831,,,,5.134309265823016,6.3845398188027005,6.751705880756388,4.658472626877727,5.2514652826257455,5.446629701325328,7.281569598362051,otro
3,2,2025-09-09 01:28:43.222783+00:00,2025-09-02 01:28:43.222788+00:00,21,2025-07-26 01:28:43.135831,17.0,2025-09-15 01:28:43.222783+00:00,4.8,5.134309265823016,6.3845398188027005,6.751705880756388,4.658472626877727,5.2514652826257455,5.446629701325328,7.281569598362051,otro
4,2,2025-09-29 01:28:43.222826+00:00,2025-09-22 01:28:43.222829+00:00,21,2025-07-26 01:28:43.135831,32.0,2025-10-01 01:28:43.222826+00:00,3.6,5.134309265823016,6.3845398188027005,6.751705880756388,4.658472626877727,5.2514652826257455,5.446629701325328,7.281569598362051,otro
5,2,2025-10-19 01:28:43.222857+00:00,2025-10-12 01:28:43.222860+00:00,21,2025-07-26 01:28:43.135831,,,,5.134309265823016,6.3845398188027005,6.751705880756388,4.658472626877727,5.2514652826257455,5.446629701325328,7.281569598362051,otro
6,2,2025-11-08 01:28:43.222884+00:00,2025-11-01 01:28:43.222887+00:00,21,2025-07-26 01:28:43.135831,57.0,2025-11-08 01:28:43.222884+00:00,3.7,5.134309265823016,6.3845398188027005,6.751705880756388,4.658472626877727,5.2514652826257455,5.446629701325328,7.281569598362051,otro
7,3,2025-08-20 01:28:43.222913+00:00,2025-08-13 01:28:43.223605+00:00,21,2025-07-26 01:28:43.176501,81.0,2025-08-21 01:28:43.222913+00:00,5.2,5.134309265823016,6.3845398188027005,6.751705880756388,4.658472626877727,5.2514652826257455,5.446629701325328,7.281569598362051,otro
8,3,2025-09-09 01:28:43.223667+00:00,2025-09-02 01:28:43.223671+00:00,21,2025-07-26 01:28:43.176501,96.0,2025-09-13 01:28:43.223667+00:00,2.7,5.134309265823016,6.3845398188027005,6.751705880756388,4.658472626877727,5.2514652826257455,5.446629701325328,7.281569598362051,otro
9,3,2025-09-29 01:28:43.223700+00:00,2025-09-22 01:28:43.223702+00:00,21,2025-07-26 01:28:43.176501,110.0,2025-10-01 01:28:43.223700+00:00,4.9,5.134309265823016,6.3845398188027005,6.751705880756388,4.658472626877727,5.2514652826257455,5.446629701325328,7.281569598362051,otro
10,3,2025-10-19 01:28:43.223864+00:00,2025-10-12 01:28:43.223914+00:00,21,2025-07-26 01:28:43.176501,121.0,2025-10-24 01:28:43.223864+00:00,5.2,5.134309265823016,6.3845398188027005,6.751705880756388,4.658472626877727,5.2514652826257455,5.446629701325328,7.281569598362051,otro
11,3,2025-11-08 01:28:43.224011+00:00,2025-11-01 01:28:43.224017+00:00,21,2025-07-26 01:28:43.176501,134.0,2025-11-08 01:28:43.224011+00:00,6.3,5.134309265823016,6.3845398188027005,6.751705880756388,4.658472626877727,5.2514652826257455,5.446629701325328,7.281569598362051,otro
17,5,2025-08-20 01:28:43.225844+00:00,2025-08-13 01:28:43.226735+00:00,21,2025-07-26 01:28:43.198292,192.0,2025-08-23 01:28:43.225844+00:00,4.1,5.134309265823016,6.3845398188027005,6.751705880756388,4.658472626877727,5.2514652826257455,5.446629701325328,7.281569598362051,otro
18,5,2025-09-09 01:28:43.226818+00:00,2025-09-02 01:28:43.226823+00:00,21,2025-07-26 01:28:43.198292,206.0,2025-09-12 01:28:43.226818+00:00,4.7,5.134309265823016,6.3845398188027005,6.751705880756388,4.658472626877727,5.2514652826257455,5.446629701325328,7.281569598362051,otro
19,5,2025-09-29 01:28:43.226857+00:00,2025-09-22 01:28:43.226860+00:00,21,2025-07-26 01:28:43.198292,214.0,2025-09-29 01:28:43.226857+00:00,4.6,5.134309265823016,6.3845398188027005,6.751705880756388,4.658472626877727,5.2514652826257455,5.446629701325328,7.281569598362051,otro
20,5,2025-10-19 01:28:43.226889+00:00,2025-10-12 01:28:43.226891+00:00,21,2025-07-26 01:28:43.198292,226.0,2025-10-19 01:28:43.226889+00:00,5.0,5.134309265823016,6.3845398188027005,6.751705880756388,4.658472626877727,5.2514652826257455,5.446629701325328,7.281569598362051,otro
21,5,2025-11-08 01:28:43.226915+00:00,2025-11-01 01:28:43.226918+00:00,21,2025-07-26 01:28:43.198292,,,,5.134309265823016,6.3845398188027005,6.751705880756388,4.658472626877727,5.2514652826257455,5.446629701325328,7.281569598362051,otro
2,2,2025-08-20 01:28:43.220875+00:00,2025-08-13 01:28:43.222690+00:00,22,2025-07-26 01:28:43.150492,,,,4.746111978621582,5.597373737165013,6.217940422876344,4.382098171374087,5.906277000187878,6.348447575299065,6.946566196576396,otro
3,2,2025-09-09 01:28:43.222783+00:00,2025-09-02 01:28:43.222788+00:00,22,2025-07-26 01:28:43.150492,,,,4.746111978621582,5.597373737165013,6.217940422876344,4.382098171374087,5.906277000187878,6.348447575299065,6.946566196576396,otro
4,2,2025-09-29 01:28:43.222826+00:00,2025-09-22 01:28:43.222829+00:00,22,2025-07-26 01:28:43.150492,39.0,2025-09-29 01:28:43.222826+00:00,5.8,4.746111978621582,5.597373737165013,6.217940422876344,4.382098171374087,5.906277000187878,6.348447575299065,6.946566196576396,otro
5,2,2025-10-19 01:28:43.222857+00:00,2025-10-12 01:28:43.222860+00:00,22,2025-07-26 01:28:43.150492,,,,4.746111978621582,5.597373737165013,6.217940422876344,4.382098171374087,5.906277000187878,6.348447575299065,6.946566196576396,otro
6,2,2025-11-08 01:28:43.222884+00:00,2025-11-01 01:28:43.222887+00:00,22,2025-07-26 01:28:43.150492,65.0,2025-11-09 01:28:43.222884+00:00,5.8,4.746111978621582,5.597373737165013,6.217940422876344,4.382098171374087,5.906277000187878,6.348447575299065,6.946566196576396,otro
12,4,2025-08-20 01:28:43.224056+00:00,2025-08-13 01:28:43.225516+00:00,22,2025-07-26 01:28:43.182353,140.0,2025-08-20 01:28:43.224056+00:00,4.4,4.746111978621582,5.597373737165013,6.217940422876344,4.382098171374087,5.906277000187878,6.348447575299065,6.946566196576396,otro
13,4,2025-09-09 01:28:43.225618+00:00,2025-09-02 01:28:43.225625+00:00,22,2025-07-26 01:28:43.182353,154.0,2025-09-09 01:28:43.225618+00:00,4.1,4.746111978621582,5.597373737165013,6.217940422876344,4.382098171374087,5.906277000187878,6.348447575299065,6.946566196576396,otro
14,4,2025-09-29 01:28:43.225669+00:00,2025-09-22 01:28:43.225672+00:00,22,2025-07-26 01:28:43.182353,163.0,2025-10-03 01:28:43.225669+00:00,4.2,4.746111978621582,5.597373737165013,6.217940422876344,4.382098171374087,5.906277000187878,6.348447575299065,6.946566196576396,otro
15,4,2025-10-19 01:28:43.225707+00:00,2025-10-12 01:28:43.225709+00:00,22,2025-07-26 01:28:43.182353,174.0,2025-10-19 01:28:43.225707+00:00,3.8,4.746111978621582,5.597373737165013,6.217940422876344,4.382098171374087,5.906277000187878,6.348447575299065,6.946566196576396,otro
16,4,2025-11-08 01:28:43.225739+00:00,2025-11-01 01:28:43.225742+00:00,22,2025-07-26 01:28:43.182353,,,,4.746111978621582,5.597373737165013,6.217940422876344,4.382098171374087,5.906277000187878,6.348447575299065,6.946566196576396,otro
7,3,2025-08-20 01:28:43.222913+00:00,2025-08-13 01:28:43.223605+00:00,23,2025-07-26 01:28:43.160622,72.0,2025-08-20 01:28:43.222913+00:00,4.7,9.755480483187107,7.796833753380687,7.465817124086843,6.335603175962685,7.088942301542801,9.955964136831437,5.420324414391386,masculino
8,3,2025-09-09 01:28:43.223667+00:00,2025-09-02 01:28:43.223671+00:00,23,2025-07-26 01:28:43.160622,85.0,2025-09-09 01:28:43.223667+00:00,6.4,9.755480483187107,7.796833753380687,7.465817124086843,6.335603175962685,7.088942301542801,9.955964136831437,5.420324414391386,masculino
9,3,2025-09-29 01:28:43.223700+00:00,2025-09-22 01:28:43.223702+00:00,23,2025-07-26 01:28:43.160622,100.0,2025-09-29 01:28:43.223700+00:00,4.2,9.755480483187107,7.796833753380687,7.465817124086843,6.335603175962685,7.088942301542801,9.955964136831437,5.420324414391386,masculino
10,3,2025-10-19 01:28:43.223864+00:00,2025-10-12 01:28:43.223914+00:00,23,2025-07-26 01:28:43.160622,,,,9.755480483187107,7.796833753380687,7.465817124086843,6.335603175962685,7.088942301542801,9.955964136831437,5.420324414391386,masculino
11,3,2025-11-08 01:28:43.224011+00:00,2025-11-01 01:28:43.224017+00:00,23,2025-07-26 01:28:43.160622,126.0,2025-11-10 01:28:43.224011+00:00,5.9,9.755480483187107,7.796833753380687,7.465817124086843,6.335603175962685,7.088942301542801,9.955964136831437,5.420324414391386,masculino
2,2,2025-08-20 01:28:43.220875+00:00,2025-08-13 01:28:43.222690+00:00,24,2025-07-26 01:28:43.143781,10.0,2025-08-24 01:28:43.220875+00:00,2.8,4.144812916235469,6.195023998010101,6.893898890595988,4.214133630169697,5.214976158291535,5.173031296170959,6.901505413143079,masculino
3,2,2025-09-09 01:28:43.222783+00:00,2025-09-02 01:28:43.222788+00:00,24,2025-07-26 01:28:43.143781,22.0,2025-09-09 01:28:43.222783+00:00,4.9,4.144812916235469,6.195023998010101,6.893898890595988,4.214133630169697,5.214976158291535,5.173031296170959,6.901505413143079,masculino
4,2,2025-09-29 01:28:43.222826+00:00,2025-09-22 01:28:43.222829+00:00,24,2025-07-26 01:28:43.143781,36.0,2025-09-29 01:28:43.222826+00:00,6.0,4.144812916235469,6.195023998010101,6.893898890595988,4.214133630169697,5.214976158291535,5.173031296170959,6.901505413143079,masculino
5,2,2025-10-19 01:28:43.222857+00:00,2025-10-12 01:28:43.222860+00:00,24,2025-07-26 01:28:43.143781,44.0,2025-10-19 01:28:43.222857+00:00,5.6,4.144812916235469,6.195023998010101,6.893898890595988,4.214133630169697,5.214976158291535,5.173031296170959,6.901505413143079,masculino
6,2,2025-11-08 01:28:43.222884+00:00,2025-11-01 01:28:43.222887+00:00,24,2025-07-26 01:28:43.143781,61.0,2025-11-13 01:28:43.222884+00:00,4.4,4.144812916235469,6.195023998010101,6.893898890595988,4.214133630169697,5.214976158291535,5.173031296170959,6.901505413143079,masculino
7,3,2025-08-20 01:28:43.222913+00:00,2025-08-13 01:28:43.223605+00:00,24,2025-07-26 01:28:43.164755,73.0,2025-08-20 01:28:43.222913+00:00,5.8,4.144812916235469,6.195023998010101,6.893898890595988,4.214133630169697,5.214976158291535,5.173031296170959,6.901505413143079,masculino
8,3,2025-09-09 01:28:43.223667+00:00,2025-09-02 01:28:43.223671+00:00,24,2025-07-26 01:28:43.164755,88.0,2025-09-11 01:28:43.223667+00:00,4.9,4.144812916235469,6.195023998010101,6.893898890595988,4.214133630169697,5.214976158291535,5.173031296170959,6.901505413143079,masculino
9,3,2025-09-29 01:28:43.223700+00:00,2025-09-22 01:28:43.223702+00:00,24,2025-07-26 01:28:43.164755,103.0,2025-10-04 01:28:43.223700+00:00,4.8,4.144812916235469,6.195023998010101,6.893898890595988,4.214133630169697,5.214976158291535,5.173031296170959,6.901505413143079,masculino
10,3,2025-10-19 01:28:43.223864+00:00,2025-10-12 01:28:43.223914+00:00,24,2025-07-26 01:28:43.164755,,,,4.144812916235469,6.195023998010101,6.893898890595988,4.214133630169697,5.214976158291535,5.173031296170959,6.901505413143079,masculino
11,3,2025-11-08 01:28:43.224011+00:00,2025-11-01 01:28:43.224017+00:00,24,2025-07-26 01:28:43.164755,128.0,2025-11-08 01:28:43.224011+00:00,4.3,4.144812916235469,6.195023998010101,6.893898890595988,4.214133630169697,5.214976158291535,5.173031296170959,6.901505413143079,masculino
12,4,2025-08-20 01:28:43.224056+00:00,2025-08-13 01:28:43.225516+00:00,24,2025-07-26 01:28:43.191290,145.0,2025-08-20 01:28:43.224056+00:00,5.1,4.144812916235469,6.195023998010101,6.893898890595988,4.214133630169697,5.214976158291535,5.173031296170959,6.901505413143079,masculino
13,4,2025-09-09 01:28:43.225618+00:00,2025-09-02 01:28:43.225625+00:00,24,2025-07-26 01:28:43.191290,158.0,2025-09-14 01:28:43.225618+00:00,4.5,4.144812916235469,6.195023998010101,6.893898890595988,4.214133630169697,5.214976158291535,5.173031296170959,6.901505413143079,masculino
14,4,2025-09-29 01:28:43.225669+00:00,2025-09-22 01:28:43.225672+00:00,24,2025-07-26 01:28:43.191290,,,,4.144812916235469,6.195023998010101,6.893898890595988,4.214133630169697,5.214976158291535,5.173031296170959,6.901505413143079,masculino
15,4,2025-10-19 01:28:43.225707+00:00,2025-10-12 01:28:43.225709+00:00,24,2025-07-26 01:28:43.191290,,,,4.144812916235469,6.195023998010101,6.893898890595988,4.214133630169697,5.214976158291535,5.173031296170959,6.901505413143079,masculino
16,4,2025-11-08 01:28:43.225739+00:00,2025-11-01 01:28:43.225742+00:00,24,2025-07-26 01:28:43.191290,,,,4.144812916235469,6.195023998010101,6.893898890595988,4.214133630169697,5.214976158291535,5.173031296170959,6.901505413143079,masculino
17,5,2025-08-20 01:28:43.225844+00:00,2025-08-13 01:28:43.226735+00:00,24,2025-07-26 01:28:43.206429,199.0,2025-08-20 01:28:43.225844+00:00,4.0,4.144812916235469,6.195023998010101,6.893898890595988,4.214133630169697,5.214976158291535,5.173031296170959,6.901505413143079,masculino
18,5,2025-09-09 01:28:43.226818+00:00,2025-09-02 01:28:43.226823+00:00,24,2025-07-26 01:28:43.206429,,,,4.144812916235469,6.195023998010101,6.893898890595988,4.214133630169697,5.214976158291535,5.173031296170959,6.901505413143079,masculino
19,5,2025-09-29 01:28:43.226857+00:00,2025-09-22 01:28:43.226860+00:00,24,2025-07-26 01:28:43.206429,220.0,2025-09-29 01:28:43.226857+00:00,5.8,4.144812916235469,6.195023998010101,6.893898890595988,4.214133630169697,5.214976158291535,5.173031296170959,6.901505413143079,masculino
20,5,2025-10-19 01:28:43.226889+00:00,2025-10-12 01:28:43.226891+00:00,24,2025-07-26 01:28:43.206429,,,,4.144812916235469,6.195023998010101,6.893898890595988,4.214133630169697,5.214976158291535,5.173031296170959,6.901505413143079,masculino
21,5,2025-11-08 01:28:43.226915+00:00,2025-11-01 01:28:43.226918+00:00,24,2025-07-26 01:28:43.206429,243.0,2025-11-08 01:28:43.226915+00:00,4.4,4.144812916235469,6.195023998010101,6.893898890595988,4.214133630169697,5.214976158291535,5.173031296170959,6.901505413143079,masculino
2,2,2025-08-20 01:28:43.220875+00:00,2025-08-13 01:28:43.222690+00:00,25,2025-07-26 01:28:43.124323,2.0,2025-08-20 01:28:43.220875+00:00,5.2,7.385174393499288,7.425847134296194,7.649410780484832,6.795169886820178,8.617299123255773,8.269413820602662,3.6353946163262463,otro
3,2,2025-09-09 01:28:43.222783+00:00,2025-09-02 01:28:43.222788+00:00,25,2025-07-26 01:28:43.124323,13.0,2025-09-10 01:28:43.222783+00:00,5.0,7.385174393499288,7.425847134296194,7.649410780484832,6.795169886820178,8.617299123255773,8.269413820602662,3.6353946163262463,otro
4,2,2025-09-29 01:28:43.222826+00:00,2025-09-22 01:28:43.222829+00:00,25,2025-07-26 01:28:43.124323,,,,7.385174393499288,7.425847134296194,7.649410780484832,6.795169886820178,8.617299123255773,8.269413820602662,3.6353946163262463,otro
5,2,2025-10-19 01:28:43.222857+00:00,2025-10-12 01:28:43.222860+00:00,25,2025-07-26 01:28:43.124323,,,,7.385174393499288,7.425847134296194,7.649410780484832,6.795169886820178,8.617299123255773,8.269413820602662,3.6353946163262463,otro
6,2,2025-11-08 01:28:43.222884+00:00,2025-11-01 01:28:43.222887+00:00,25,2025-07-26 01:28:43.124323,52.0,2025-11-09 01:28:43.222884+00:00,4.6,7.385174393499288,7.425847134296194,7.649410780484832,6.795169886820178,8.617299123255773,8.269413820602662,3.6353946163262463,otro
7,3,2025-08-20 01:28:43.222913+00:00,2025-08-13 01:28:43.223605+00:00,25,2025-07-26 01:28:43.166301,75.0,2025-08-20 01:28:43.222913+00:00,6.4,7.385174393499288,7.425847134296194,7.649410780484832,6.795169886820178,8.617299123255773,8.269413820602662,3.6353946163262463,otro
8,3,2025-09-09 01:28:43.223667+00:00,2025-09-02 01:28:43.223671+00:00,25,2025-07-26 01:28:43.166301,,,,7.385174393499288,7.425847134296194,7.649410780484832,6.795169886820178,8.617299123255773,8.269413820602662,3.6353946163262463,otro
9,3,2025-09-29 01:28:43.223700+00:00,2025-09-22 01:28:43.223702+00:00,25,2025-07-26 01:28:43.166301,105.0,2025-09-29 01:28:43.223700+00:00,3.7,7.385174393499288,7.425847134296194,7.649410780484832,6.795169886820178,8.617299123255773,8.269413820602662,3.6353946163262463,otro
10,3,2025-10-19 01:28:43.223864+00:00,2025-10-12 01:28:43.223914+00:00,25,2025-07-26 01:28:43.166301,,,,7.385174393499288,7.425847134296194,7.649410780484832,6.795169886820178,8.617299123255773,8.269413820602662,3.6353946163262463,otro
11,3,2025-11-08 01:28:43.224011+00:00,2025-11-01 01:28:43.224017+00:00,25,2025-07-26 01:28:43.166301,129.0,2025-11-08 01:28:43.224011+00:00,5.4,7.385174393499288,7.425847134296194,7.649410780484832,6.795169886820178,8.617299123255773,8.269413820602662,3.6353946163262463,otro
12,4,2025-08-20 01:28:43.224056+00:00,2025-08-13 01:28:43.225516+00:00,25,2025-07-26 01:28:43.180854,139.0,2025-08-20 01:28:43.224056+00:00,4.5,7.385174393499288,7.425847134296194,7.649410780484832,6.795169886820178,8.617299123255773,8.269413820602662,3.6353946163262463,otro
13,4,2025-09-09 01:28:43.225618+00:00,2025-09-02 01:28:43.225625+00:00,25,2025-07-26 01:28:43.180854,153.0,2025-09-09 01:28:43.225618+00:00,5.0,7.385174393499288,7.425847134296194,7.649410780484832,6.795169886820178,8.617299123255773,8.269413820602662,3.6353946163262463,otro
14,4,2025-09-29 01:28:43.225669+00:00,2025-09-22 01:28:43.225672+00:00,25,2025-07-26 01:28:43.180854,162.0,2025-09-29 01:28:43.225669+00:00,5.5,7.385174393499288,7.425847134296194,7.649410780484832,6.795169886820178,8.617299123255773,8.269413820602662,3.6353946163262463,otro
15,4,2025-10-19 01:28:43.225707+00:00,2025-10-12 01:28:43.225709+00:00,25,2025-07-26 01:28:43.180854,173.0,2025-10-19 01:28:43.225707+00:00,6.1,7.385174393499288,7.425847134296194,7.649410780484832,6.795169886820178,8.617299123255773,8.269413820602662,3.6353946163262463,otro
16,4,2025-11-08 01:28:43.225739+00:00,2025-11-01 01:28:43.225742+00:00,25,2025-07-26 01:28:43.180854,182.0,2025-11-08 01:28:43.225739+00:00,3.7,7.385174393499288,7.425847134296194,7.649410780484832,6.795169886820178,8.617299123255773,8.269413820602662,3.6353946163262463,otro
2,2,2025-08-20 01:28:43.220875+00:00,2025-08-13 01:28:43.222690+00:00,26,2025-07-26 01:28:43.142132,9.0,2025-08-20 01:28:43.220875+00:00,5.7,5.888162991589514,5.724669080249054,6.425897945638244,4.9974807499935725,5.679217399095707,5.933551256323234,7.249035211607364,femenino
3,2,2025-09-09 01:28:43.222783+00:00,2025-09-02 01:28:43.222788+00:00,26,2025-07-26 01:28:43.142132,21.0,2025-09-13 01:28:43.222783+00:00,5.7,5.888162991589514,5.724669080249054,6.425897945638244,4.9974807499935725,5.679217399095707,5.933551256323234,7.249035211607364,femenino
4,2,2025-09-29 01:28:43.222826+00:00,2025-09-22 01:28:43.222829+00:00,26,2025-07-26 01:28:43.142132,35.0,2025-10-02 01:28:43.222826+00:00,2.9,5.888162991589514,5.724669080249054,6.425897945638244,4.9974807499935725,5.679217399095707,5.933551256323234,7.249035211607364,femenino
5,2,2025-10-19 01:28:43.222857+00:00,2025-10-12 01:28:43.222860+00:00,26,2025-07-26 01:28:43.142132,,,,5.888162991589514,5.724669080249054,6.425897945638244,4.9974807499935725,5.679217399095707,5.933551256323234,7.249035211607364,femenino
6,2,2025-11-08 01:28:43.222884+00:00,2025-11-01 01:28:43.222887+00:00,26,2025-07-26 01:28:43.142132,60.0,2025-11-14 01:28:43.222884+00:00,3.0,5.888162991589514,5.724669080249054,6.425897945638244,4.9974807499935725,5.679217399095707,5.933551256323234,7.249035211607364,femenino
17,5,2025-08-20 01:28:43.225844+00:00,2025-08-13 01:28:43.226735+00:00,26,2025-07-26 01:28:43.195913,190.0,2025-08-20 01:28:43.225844+00:00,3.6,5.888162991589514,5.724669080249054,6.425897945638244,4.9974807499935725,5.679217399095707,5.933551256323234,7.249035211607364,femenino
18,5,2025-09-09 01:28:43.226818+00:00,2025-09-02 01:28:43.226823+00:00,26,2025-07-26 01:28:43.195913,204.0,2025-09-09 01:28:43.226818+00:00,4.3,5.888162991589514,5.724669080249054,6.425897945638244,4.9974807499935725,5.679217399095707,5.933551256323234,7.249035211607364,femenino
19,5,2025-09-29 01:28:43.226857+00:00,2025-09-22 01:28:43.226860+00:00,26,2025-07-26 01:28:43.195913,212.0,2025-09-29 01:28:43.226857+00:00,4.4,5.888162991589514,5.724669080249054,6.425897945638244,4.9974807499935725,5.679217399095707,5.933551256323234,7.249035211607364,femenino
20,5,2025-10-19 01:28:43.226889+00:00,2025-10-12 01:28:43.226891+00:00,26,2025-07-26 01:28:43.195913,224.0,2025-10-20 01:28:43.226889+00:00,6.1,5.888162991589514,5.724669080249054,6.425897945638244,4.9974807499935725,5.679217399095707,5.933551256323234,7.249035211607364,femenino
21,5,2025-11-08 01:28:43.226915+00:00,2025-11-01 01:28:43.226918+00:00,26,2025-07-26 01:28:43.195913,235.0,2025-11-08 01:28:43.226915+00:00,5.9,5.888162991589514,5.724669080249054,6.425897945638244,4.9974807499935725,5.679217399095707,5.933551256323234,7.249035211607364,femenino
2,2,2025-08-20 01:28:43.220875+00:00,2025-08-13 01:28:43.222690+00:00,27,2025-07-26 01:28:43.126129,,,,4.302510489670665,4.561743342578893,5.67617112429491,5.470771796143083,4.575286831491443,5.550543461128899,5.177482715022581,otro
3,2,2025-09-09 01:28:43.222783+00:00,2025-09-02 01:28:43.222788+00:00,27,2025-07-26 01:28:43.126129,,,,4.302510489670665,4.561743342578893,5.67617112429491,5.470771796143083,4.575286831491443,5.550543461128899,5.177482715022581,otro
4,2,2025-09-29 01:28:43.222826+00:00,2025-09-22 01:28:43.222829+00:00,27,2025-07-26 01:28:43.126129,28.0,2025-09-29 01:28:43.222826+00:00,5.3,4.302510489670665,4.561743342578893,5.67617112429491,5.470771796143083,4.575286831491443,5.550543461128899,5.177482715022581,otro
5,2,2025-10-19 01:28:43.222857+00:00,2025-10-12 01:28:43.222860+00:00,27,2025-07-26 01:28:43.126129,,,,4.302510489670665,4.561743342578893,5.67617112429491,5.470771796143083,4.575286831491443,5.550543461128899,5.177482715022581,otro
6,2,2025-11-08 01:28:43.222884+00:00,2025-11-01 01:28:43.222887+00:00,27,2025-07-26 01:28:43.126129,53.0,2025-11-12 01:28:43.222884+00:00,3.4,4.302510489670665,4.561743342578893,5.67617112429491,5.470771796143083,4.575286831491443,5.550543461128899,5.177482715022581,otro
7,3,2025-08-20 01:28:43.222913+00:00,2025-08-13 01:28:43.223605+00:00,27,2025-07-26 01:28:43.157867,69.0,2025-08-20 01:28:43.222913+00:00,5.1,4.302510489670665,4.561743342578893,5.67617112429491,5.470771796143083,4.575286831491443,5.550543461128899,5.177482715022581,otro
8,3,2025-09-09 01:28:43.223667+00:00,2025-09-02 01:28:43.223671+00:00,27,2025-07-26 01:28:43.157867,83.0,2025-09-09 01:28:43.223667+00:00,5.5,4.302510489670665,4.561743342578893,5.67617112429491,5.470771796143083,4.575286831491443,5.550543461128899,5.177482715022581,otro
9,3,2025-09-29 01:28:43.223700+00:00,2025-09-22 01:28:43.223702+00:00,27,2025-07-26 01:28:43.157867,99.0,2025-09-30 01:28:43.223700+00:00,4.7,4.302510489670665,4.561743342578893,5.67617112429491,5.470771796143083,4.575286831491443,5.550543461128899,5.177482715022581,otro
10,3,2025-10-19 01:28:43.223864+00:00,2025-10-12 01:28:43.223914+00:00,27,2025-07-26 01:28:43.157867,112.0,2025-10-19 01:28:43.223864+00:00,6.5,4.302510489670665,4.561743342578893,5.67617112429491,5.470771796143083,4.575286831491443,5.550543461128899,5.177482715022581,otro
11,3,2025-11-08 01:28:43.224011+00:00,2025-11-01 01:28:43.224017+00:00,27,2025-07-26 01:28:43.157867,123.0,2025-11-10 01:28:43.224011+00:00,4.1,4.302510489670665,4.561743342578893,5.67617112429491,5.470771796143083,4.575286831491443,5.550543461128899,5.177482715022581,otro
12,4,2025-08-20 01:28:43.224056+00:00,2025-08-13 01:28:43.225516+00:00,27,2025-07-26 01:28:43.181566,,,,4.302510489670665,4.561743342578893,5.67617112429491,5.470771796143083,4.575286831491443,5.550543461128899,5.177482715022581,otro
13,4,2025-09-09 01:28:43.225618+00:00,2025-09-02 01:28:43.225625+00:00,27,2025-07-26 01:28:43.181566,,,,4.302510489670665,4.561743342578893,5.67617112429491,5.470771796143083,4.575286831491443,5.550543461128899,5.177482715022581,otro
14,4,2025-09-29 01:28:43.225669+00:00,2025-09-22 01:28:43.225672+00:00,27,2025-07-26 01:28:43.181566,,,,4.302510489670665,4.561743342578893,5.67617112429491,5.470771796143083,4.575286831491443,5.550543461128899,5.177482715022581,otro
15,4,2025-10-19 01:28:43.225707+00:00,2025-10-12 01:28:43.225709+00:00,27,2025-07-26 01:28:43.181566,,,,4.302510489670665,4.561743342578893,5.67617112429491,5.470771796143083,4.575286831491443,5.550543461128899,5.177482715022581,otro
16,4,2025-11-08 01:28:43.225739+00:00,2025-11-01 01:28:43.225742+00:00,27,2025-07-26 01:28:43.181566,,,,4.302510489670665,4.561743342578893,5.67617112429491,5.470771796143083,4.575286831491443,5.550543461128899,5.177482715022581,otro
17,5,2025-08-20 01:28:43.225844+00:00,2025-08-13 01:28:43.226735+00:00,27,2025-07-26 01:28:43.208595,202.0,2025-08-20 01:28:43.225844+00:00,5.0,4.302510489670665,4.561743342578893,5.67617112429491,5.470771796143083,4.575286831491443,5.550543461128899,5.177482715022581,otro
18,5,2025-09-09 01:28:43.226818+00:00,2025-09-02 01:28:43.226823+00:00,27,2025-07-26 01:28:43.208595,,,,4.302510489670665,4.561743342578893,5.67617112429491,5.470771796143083,4.575286831491443,5.550543461128899,5.177482715022581,otro
19,5,2025-09-29 01:28:43.226857+00:00,2025-09-22 01:28:43.226860+00:00,27,2025-07-26 01:28:43.208595,223.0,2025-10-01 01:28:43.226857+00:00,5.3,4.302510489670665,4.561743342578893,5.67617112429491,5.470771796143083,4.575286831491443,5.550543461128899,5.177482715022581,otro
20,5,2025-10-19 01:28:43.226889+00:00,2025-10-12 01:28:43.226891+00:00,27,2025-07-26 01:28:43.208595,233.0,2025-10-19 01:28:43.226889+00:00,6.2,4.302510489670665,4.561743342578893,5.67617112429491,5.470771796143083,4.575286831491443,5.550543461128899,5.177482715022581,otro
21,5,2025-11-08 01:28:43.226915+00:00,2025-11-01 01:28:43.226918+00:00,27,2025-07-26 01:28:43.208595,246.0,2025-11-08 01:28:43.226915+00:00,5.8,4.302510489670665,4.561743342578893,5.67617112429491,5.470771796143083,4.575286831491443,5.550543461128899,5.177482715022581,otro
2,2,2025-08-20 01:28:43.220875+00:00,2025-08-13 01:28:43.222690+00:00,28,2025-07-26 01:28:43.145331,,,,4.147184417190808,4.168500820275769,5.0628259161060365,4.8260712227012466,5.285390299521473,5.696193159911368,6.213536247876227,otro
3,2,2025-09-09 01:28:43.222783+00:00,2025-09-02 01:28:43.222788+00:00,28,2025-07-26 01:28:43.145331,,,,4.147184417190808,4.168500820275769,5.0628259161060365,4.8260712227012466,5.285390299521473,5.696193159911368,6.213536247876227,otro
4,2,2025-09-29 01:28:43.222826+00:00,2025-09-22 01:28:43.222829+00:00,28,2025-07-26 01:28:43.145331,37.0,2025-10-01 01:28:43.222826+00:00,3.8,4.147184417190808,4.168500820275769,5.0628259161060365,4.8260712227012466,5.285390299521473,5.696193159911368,6.213536247876227,otro
5,2,2025-10-19 01:28:43.222857+00:00,2025-10-12 01:28:43.222860+00:00,28,2025-07-26 01:28:43.145331,45.0,2025-10-19 01:28:43.222857+00:00,6.3,4.147184417190808,4.168500820275769,5.0628259161060365,4.8260712227012466,5.285390299521473,5.696193159911368,6.213536247876227,otro
6,2,2025-11-08 01:28:43.222884+00:00,2025-11-01 01:28:43.222887+00:00,28,2025-07-26 01:28:43.145331,62.0,2025-11-08 01:28:43.222884+00:00,3.6,4.147184417190808,4.168500820275769,5.0628259161060365,4.8260712227012466,5.285390299521473,5.696193159911368,6.213536247876227,otro
7,3,2025-08-20 01:28:43.222913+00:00,2025-08-13 01:28:43.223605+00:00,28,2025-07-26 01:28:43.178409,82.0,2025-08-20 01:28:43.222913+00:00,4.3,4.147184417190808,4.168500820275769,5.0628259161060365,4.8260712227012466,5.285390299521473,5.696193159911368,6.213536247876227,otro
8,3,2025-09-09 01:28:43.223667+00:00,2025-09-02 01:28:43.223671+00:00,28,2025-07-26 01:28:43.178409,98.0,2025-09-10 01:28:43.223667+00:00,3.9,4.147184417190808,4.168500820275769,5.0628259161060365,4.8260712227012466,5.285390299521473,5.696193159911368,6.213536247876227,otro
9,3,2025-09-29 01:28:43.223700+00:00,2025-09-22 01:28:43.223702+00:00,28,2025-07-26 01:28:43.178409,,,,4.147184417190808,4.168500820275769,5.0628259161060365,4.8260712227012466,5.285390299521473,5.696193159911368,6.213536247876227,otro
10,3,2025-10-19 01:28:43.223864+00:00,2025-10-12 01:28:43.223914+00:00,28,2025-07-26 01:28:43.178409,,,,4.147184417190808,4.168500820275769,5.0628259161060365,4.8260712227012466,5.285390299521473,5.696193159911368,6.213536247876227,otro
11,3,2025-11-08 01:28:43.224011+00:00,2025-11-01 01:28:43.224017+00:00,28,2025-07-26 01:28:43.178409,136.0,2025-11-08 01:28:43.224011+00:00,5.0,4.147184417190808,4.168500820275769,5.0628259161060365,4.8260712227012466,5.285390299521473,5.696193159911368,6.213536247876227,otro
12,4,2025-08-20 01:28:43.224056+00:00,2025-08-13 01:28:43.225516+00:00,28,2025-07-26 01:28:43.184367,141.0,2025-08-26 01:28:43.224056+00:00,2.7,4.147184417190808,4.168500820275769,5.0628259161060365,4.8260712227012466,5.285390299521473,5.696193159911368,6.213536247876227,otro
13,4,2025-09-09 01:28:43.225618+00:00,2025-09-02 01:28:43.225625+00:00,28,2025-07-26 01:28:43.184367,,,,4.147184417190808,4.168500820275769,5.0628259161060365,4.8260712227012466,5.285390299521473,5.696193159911368,6.213536247876227,otro
14,4,2025-09-29 01:28:43.225669+00:00,2025-09-22 01:28:43.225672+00:00,28,2025-07-26 01:28:43.184367,164.0,2025-09-29 01:28:43.225669+00:00,5.5,4.147184417190808,4.168500820275769,5.0628259161060365,4.8260712227012466,5.285390299521473,5.696193159911368,6.213536247876227,otro
15,4,2025-10-19 01:28:43.225707+00:00,2025-10-12 01:28:43.225709+00:00,28,2025-07-26 01:28:43.184367,175.0,2025-10-26 01:28:43.225707+00:00,3.2,4.147184417190808,4.168500820275769,5.0628259161060365,4.8260712227012466,5.285390299521473,5.696193159911368,6.213536247876227,otro
16,4,2025-11-08 01:28:43.225739+00:00,2025-11-01 01:28:43.225742+00:00,28,2025-07-26 01:28:43.184367,,,,4.147184417190808,4.168500820275769,5.0628259161060365,4.8260712227012466,5.285390299521473,5.696193159911368,6.213536247876227,otro
17,5,2025-08-20 01:28:43.225844+00:00,2025-08-13 01:28:43.226735+00:00,28,2025-07-26 01:28:43.207910,201.0,2025-08-20 01:28:43.225844+00:00,5.7,4.147184417190808,4.168500820275769,5.0628259161060365,4.8260712227012466,5.285390299521473,5.696193159911368,6.213536247876227,otro
18,5,2025-09-09 01:28:43.226818+00:00,2025-09-02 01:28:43.226823+00:00,28,2025-07-26 01:28:43.207910,,,,4.147184417190808,4.168500820275769,5.0628259161060365,4.8260712227012466,5.285390299521473,5.696193159911368,6.213536247876227,otro
19,5,2025-09-29 01:28:43.226857+00:00,2025-09-22 01:28:43.226860+00:00,28,2025-07-26 01:28:43.207910,222.0,2025-09-29 01:28:43.226857+00:00,5.5,4.147184417190808,4.168500820275769,5.0628259161060365,4.8260712227012466,5.285390299521473,5.696193159911368,6.213536247876227,otro
20,5,2025-10-19 01:28:43.226889+00:00,2025-10-12 01:28:43.226891+00:00,28,2025-07-26 01:28:43.207910,,,,4.147184417190808,4.168500820275769,5.0628259161060365,4.8260712227012466,5.285390299521473,5.696193159911368,6.213536247876227,otro
21,5,2025-11-08 01:28:43.226915+00:00,2025-11-01 01:28:43.226918+00:00,28,2025-07-26 01:28:43.207910,245.0,2025-11-08 01:28:43.226915+00:00,6.4,4.147184417190808,4.168500820275769,5.0628259161060365,4.8260712227012466,5.285390299521473,5.696193159911368,6.213536247876227,otro
2,2,2025-08-20 01:28:43.220875+00:00,2025-08-13 01:28:43.222690+00:00,29,2025-07-26 01:28:43.154925,12.0,2025-08-20 01:28:43.220875+00:00,5.0,4.330779621812562,6.3387856014516775,6.142086186650569,5.181677565779485,5.961548560726883,7.018742494416609,5.476024785904694,masculino
3,2,2025-09-09 01:28:43.222783+00:00,2025-09-02 01:28:43.222788+00:00,29,2025-07-26 01:28:43.154925,26.0,2025-09-09 01:28:43.222783+00:00,6.4,4.330779621812562,6.3387856014516775,6.142086186650569,5.181677565779485,5.961548560726883,7.018742494416609,5.476024785904694,masculino
4,2,2025-09-29 01:28:43.222826+00:00,2025-09-22 01:28:43.222829+00:00,29,2025-07-26 01:28:43.154925,41.0,2025-09-29 01:28:43.222826+00:00,6.0,4.330779621812562,6.3387856014516775,6.142086186650569,5.181677565779485,5.961548560726883,7.018742494416609,5.476024785904694,masculino
5,2,2025-10-19 01:28:43.222857+00:00,2025-10-12 01:28:43.222860+00:00,29,2025-07-26 01:28:43.154925,,,,4.330779621812562,6.3387856014516775,6.142086186650569,5.181677565779485,5.961548560726883,7.018742494416609,5.476024785904694,masculino
6,2,2025-11-08 01:28:43.222884+00:00,2025-11-01 01:28:43.222887+00:00,29,2025-07-26 01:28:43.154925,,,,4.330779621812562,6.3387856014516775,6.142086186650569,5.181677565779485,5.961548560726883,7.018742494416609,5.476024785904694,masculino
7,3,2025-08-20 01:28:43.222913+00:00,2025-08-13 01:28:43.223605+00:00,29,2025-07-26 01:28:43.163745,,,,4.330779621812562,6.3387856014516775,6.142086186650569,5.181677565779485,5.961548560726883,7.018742494416609,5.476024785904694,masculino
8,3,2025-09-09 01:28:43.223667+00:00,2025-09-02 01:28:43.223671+00:00,29,2025-07-26 01:28:43.163745,87.0,2025-09-09 01:28:43.223667+00:00,5.1,4.330779621812562,6.3387856014516775,6.142086186650569,5.181677565779485,5.961548560726883,7.018742494416609,5.476024785904694,masculino
9,3,2025-09-29 01:28:43.223700+00:00,2025-09-22 01:28:43.223702+00:00,29,2025-07-26 01:28:43.163745,102.0,2025-09-29 01:28:43.223700+00:00,4.2,4.330779621812562,6.3387856014516775,6.142086186650569,5.181677565779485,5.961548560726883,7.018742494416609,5.476024785904694,masculino
10,3,2025-10-19 01:28:43.223864+00:00,2025-10-12 01:28:43.223914+00:00,29,2025-07-26 01:28:43.163745,115.0,2025-10-19 01:28:43.223864+00:00,4.4,4.330779621812562,6.3387856014516775,6.142086186650569,5.181677565779485,5.961548560726883,7.018742494416609,5.476024785904694,masculino
11,3,2025-11-08 01:28:43.224011+00:00,2025-11-01 01:28:43.224017+00:00,29,2025-07-26 01:28:43.163745,127.0,2025-11-15 01:28:43.224011+00:00,4.6,4.330779621812562,6.3387856014516775,6.142086186650569,5.181677565779485,5.961548560726883,7.018742494416609,5.476024785904694,masculino
17,5,2025-08-20 01:28:43.225844+00:00,2025-08-13 01:28:43.226735+00:00,29,2025-07-26 01:28:43.202396,196.0,2025-08-23 01:28:43.225844+00:00,5.7,4.330779621812562,6.3387856014516775,6.142086186650569,5.181677565779485,5.961548560726883,7.018742494416609,5.476024785904694,masculino
18,5,2025-09-09 01:28:43.226818+00:00,2025-09-02 01:28:43.226823+00:00,29,2025-07-26 01:28:43.202396,,,,4.330779621812562,6.3387856014516775,6.142086186650569,5.181677565779485,5.961548560726883,7.018742494416609,5.476024785904694,masculino
19,5,2025-09-29 01:28:43.226857+00:00,2025-09-22 01:28:43.226860+00:00,29,2025-07-26 01:28:43.202396,,,,4.330779621812562,6.3387856014516775,6.142086186650569,5.181677565779485,5.961548560726883,7.018742494416609,5.476024785904694,masculino
20,5,2025-10-19 01:28:43.226889+00:00,2025-10-12 01:28:43.226891+00:00,29,2025-07-26 01:28:43.202396,,,,4.330779621812562,6.3387856014516775,6.142086186650569,5.181677565779485,5.961548560726883,7.018742494416609,5.476024785904694,masculino
21,5,2025-11-08 01:28:43.226915+00:00,2025-11-01 01:28:43.226918+00:00,29,2025-07-26 01:28:43.202396,239.0,2025-11-08 01:28:43.226915+00:00,4.7,4.330779621812562,6.3387856014516775,6.142086186650569,5.181677565779485,5.961548560726883,7.018742494416609,5.476024785904694,masculino
2,2,2025-08-20 01:28:43.220875+00:00,2025-08-13 01:28:43.222690+00:00,30,2025-07-26 01:28:43.156896,,,,5.647456873786657,4.885743916473885,5.8222045520994765,6.159591870924008,4.1354279680804265,6.633638720664479,6.615449378237461,masculino
3,2,2025-09-09 01:28:43.222783+00:00,2025-09-02 01:28:43.222788+00:00,30,2025-07-26 01:28:43.156896,,,,5.647456873786657,4.885743916473885,5.8222045520994765,6.159591870924008,4.1354279680804265,6.633638720664479,6.615449378237461,masculino
4,2,2025-09-29 01:28:43.222826+00:00,2025-09-22 01:28:43.222829+00:00,30,2025-07-26 01:28:43.156896,,,,5.647456873786657,4.885743916473885,5.8222045520994765,6.159591870924008,4.1354279680804265,6.633638720664479,6.615449378237461,masculino
5,2,2025-10-19 01:28:43.222857+00:00,2025-10-12 01:28:43.222860+00:00,30,2025-07-26 01:28:43.156896,50.0,2025-10-25 01:28:43.222857+00:00,5.1,5.647456873786657,4.885743916473885,5.8222045520994765,6.159591870924008,4.1354279680804265,6.633638720664479,6.615449378237461,masculino
6,2,2025-11-08 01:28:43.222884+00:00,2025-11-01 01:28:43.222887+00:00,30,2025-07-26 01:28:43.156896,68.0,2025-11-08 01:28:43.222884+00:00,4.3,5.647456873786657,4.885743916473885,5.8222045520994765,6.159591870924008,4.1354279680804265,6.633638720664479,6.615449378237461,masculino
7,3,2025-08-20 01:28:43.222913+00:00,2025-08-13 01:28:43.223605+00:00,30,2025-07-26 01:28:43.159214,71.0,2025-08-20 01:28:43.222913+00:00,3.8,5.647456873786657,4.885743916473885,5.8222045520994765,6.159591870924008,4.1354279680804265,6.633638720664479,6.615449378237461,masculino
8,3,2025-09-09 01:28:43.223667+00:00,2025-09-02 01:28:43.223671+00:00,30,2025-07-26 01:28:43.159214,84.0,2025-09-09 01:28:43.223667+00:00,4.7,5.647456873786657,4.885743916473885,5.8222045520994765,6.159591870924008,4.1354279680804265,6.633638720664479,6.615449378237461,masculino
9,3,2025-09-29 01:28:43.223700+00:00,2025-09-22 01:28:43.223702+00:00,30,2025-07-26 01:28:43.159214,,,,5.647456873786657,4.885743916473885,5.8222045520994765,6.159591870924008,4.1354279680804265,6.633638720664479,6.615449378237461,masculino
10,3,2025-10-19 01:28:43.223864+00:00,2025-10-12 01:28:43.223914+00:00,30,2025-07-26 01:28:43.159214,113.0,2025-10-23 01:28:43.223864+00:00,5.0,5.647456873786657,4.885743916473885,5.8222045520994765,6.159591870924008,4.1354279680804265,6.633638720664479,6.615449378237461,masculino
11,3,2025-11-08 01:28:43.224011+00:00,2025-11-01 01:28:43.224017+00:00,30,2025-07-26 01:28:43.159214,125.0,2025-11-13 01:28:43.224011+00:00,3.8,5.647456873786657,4.885743916473885,5.8222045520994765,6.159591870924008,4.1354279680804265,6.633638720664479,6.615449378237461,masculino
12,4,2025-08-20 01:28:43.224056+00:00,2025-08-13 01:28:43.225516+00:00,30,2025-07-26 01:28:43.185631,142.0,2025-08-24 01:28:43.224056+00:00,3.7,5.647456873786657,4.885743916473885,5.8222045520994765,6.159591870924008,4.1354279680804265,6.633638720664479,6.615449378237461,masculino
13,4,2025-09-09 01:28:43.225618+00:00,2025-09-02 01:28:43.225625+00:00,30,2025-07-26 01:28:43.185631,155.0,2025-09-09 01:28:43.225618+00:00,4.8,5.647456873786657,4.885743916473885,5.8222045520994765,6.159591870924008,4.1354279680804265,6.633638720664479,6.615449378237461,masculino
14,4,2025-09-29 01:28:43.225669+00:00,2025-09-22 01:28:43.225672+00:00,30,2025-07-26 01:28:43.185631,165.0,2025-09-29 01:28:43.225669+00:00,6.1,5.647456873786657,4.885743916473885,5.8222045520994765,6.159591870924008,4.1354279680804265,6.633638720664479,6.615449378237461,masculino
15,4,2025-10-19 01:28:43.225707+00:00,2025-10-12 01:28:43.225709+00:00,30,2025-07-26 01:28:43.185631,176.0,2025-10-20 01:28:43.225707+00:00,4.5,5.647456873786657,4.885743916473885,5.8222045520994765,6.159591870924008,4.1354279680804265,6.633638720664479,6.615449378237461,masculino
16,4,2025-11-08 01:28:43.225739+00:00,2025-11-01 01:28:43.225742+00:00,30,2025-07-26 01:28:43.185631,183.0,2025-11-08 01:28:43.225739+00:00,6.1,5.647456873786657,4.885743916473885,5.8222045520994765,6.159591870924008,4.1354279680804265,6.633638720664479,6.615449378237461,masculino
2,2,2025-08-20 01:28:43.220875+00:00,2025-08-13 01:28:43.222690+00:00,31,2025-07-26 01:28:43.138898,7.0,2025-08-20 01:28:43.220875+00:00,4.5,5.006553205255672,4.848256513487408,6.723345072705582,4.621640834800714,4.475522271102029,6.12153386958283,6.054704099586011,femenino
3,2,2025-09-09 01:28:43.222783+00:00,2025-09-02 01:28:43.222788+00:00,31,2025-07-26 01:28:43.138898,19.0,2025-09-09 01:28:43.222783+00:00,4.3,5.006553205255672,4.848256513487408,6.723345072705582,4.621640834800714,4.475522271102029,6.12153386958283,6.054704099586011,femenino
4,2,2025-09-29 01:28:43.222826+00:00,2025-09-22 01:28:43.222829+00:00,31,2025-07-26 01:28:43.138898,34.0,2025-10-06 01:28:43.222826+00:00,2.2,5.006553205255672,4.848256513487408,6.723345072705582,4.621640834800714,4.475522271102029,6.12153386958283,6.054704099586011,femenino
5,2,2025-10-19 01:28:43.222857+00:00,2025-10-12 01:28:43.222860+00:00,31,2025-07-26 01:28:43.138898,,,,5.006553205255672,4.848256513487408,6.723345072705582,4.621640834800714,4.475522271102029,6.12153386958283,6.054704099586011,femenino
6,2,2025-11-08 01:28:43.222884+00:00,2025-11-01 01:28:43.222887+00:00,31,2025-07-26 01:28:43.138898,59.0,2025-11-08 01:28:43.222884+00:00,6.4,5.006553205255672,4.848256513487408,6.723345072705582,4.621640834800714,4.475522271102029,6.12153386958283,6.054704099586011,femenino
7,3,2025-08-20 01:28:43.222913+00:00,2025-08-13 01:28:43.223605+00:00,31,2025-07-26 01:28:43.167048,,,,5.006553205255672,4.848256513487408,6.723345072705582,4.621640834800714,4.475522271102029,6.12153386958283,6.054704099586011,femenino
8,3,2025-09-09 01:28:43.223667+00:00,2025-09-02 01:28:43.223671+00:00,31,2025-07-26 01:28:43.167048,90.0,2025-09-09 01:28:43.223667+00:00,5.1,5.006553205255672,4.848256513487408,6.723345072705582,4.621640834800714,4.475522271102029,6.12153386958283,6.054704099586011,femenino
9,3,2025-09-29 01:28:43.223700+00:00,2025-09-22 01:28:43.223702+00:00,31,2025-07-26 01:28:43.167048,,,,5.006553205255672,4.848256513487408,6.723345072705582,4.621640834800714,4.475522271102029,6.12153386958283,6.054704099586011,femenino
10,3,2025-10-19 01:28:43.223864+00:00,2025-10-12 01:28:43.223914+00:00,31,2025-07-26 01:28:43.167048,116.0,2025-10-19 01:28:43.223864+00:00,6.1,5.006553205255672,4.848256513487408,6.723345072705582,4.621640834800714,4.475522271102029,6.12153386958283,6.054704099586011,femenino
11,3,2025-11-08 01:28:43.224011+00:00,2025-11-01 01:28:43.224017+00:00,31,2025-07-26 01:28:43.167048,130.0,2025-11-08 01:28:43.224011+00:00,5.5,5.006553205255672,4.848256513487408,6.723345072705582,4.621640834800714,4.475522271102029,6.12153386958283,6.054704099586011,femenino
12,4,2025-08-20 01:28:43.224056+00:00,2025-08-13 01:28:43.225516+00:00,31,2025-07-26 01:28:43.180142,138.0,2025-08-20 01:28:43.224056+00:00,3.8,5.006553205255672,4.848256513487408,6.723345072705582,4.621640834800714,4.475522271102029,6.12153386958283,6.054704099586011,femenino
13,4,2025-09-09 01:28:43.225618+00:00,2025-09-02 01:28:43.225625+00:00,31,2025-07-26 01:28:43.180142,152.0,2025-09-09 01:28:43.225618+00:00,5.0,5.006553205255672,4.848256513487408,6.723345072705582,4.621640834800714,4.475522271102029,6.12153386958283,6.054704099586011,femenino
14,4,2025-09-29 01:28:43.225669+00:00,2025-09-22 01:28:43.225672+00:00,31,2025-07-26 01:28:43.180142,161.0,2025-10-04 01:28:43.225669+00:00,3.9,5.006553205255672,4.848256513487408,6.723345072705582,4.621640834800714,4.475522271102029,6.12153386958283,6.054704099586011,femenino
15,4,2025-10-19 01:28:43.225707+00:00,2025-10-12 01:28:43.225709+00:00,31,2025-07-26 01:28:43.180142,172.0,2025-10-21 01:28:43.225707+00:00,3.8,5.006553205255672,4.848256513487408,6.723345072705582,4.621640834800714,4.475522271102029,6.12153386958283,6.054704099586011,femenino
16,4,2025-11-08 01:28:43.225739+00:00,2025-11-01 01:28:43.225742+00:00,31,2025-07-26 01:28:43.180142,181.0,2025-11-08 01:28:43.225739+00:00,5.9,5.006553205255672,4.848256513487408,6.723345072705582,4.621640834800714,4.475522271102029,6.12153386958283,6.054704099586011,femenino
17,5,2025-08-20 01:28:43.225844+00:00,2025-08-13 01:28:43.226735+00:00,31,2025-07-26 01:28:43.201292,194.0,2025-08-20 01:28:43.225844+00:00,4.1,5.006553205255672,4.848256513487408,6.723345072705582,4.621640834800714,4.475522271102029,6.12153386958283,6.054704099586011,femenino
18,5,2025-09-09 01:28:43.226818+00:00,2025-09-02 01:28:43.226823+00:00,31,2025-07-26 01:28:43.201292,,,,5.006553205255672,4.848256513487408,6.723345072705582,4.621640834800714,4.475522271102029,6.12153386958283,6.054704099586011,femenino
19,5,2025-09-29 01:28:43.226857+00:00,2025-09-22 01:28:43.226860+00:00,31,2025-07-26 01:28:43.201292,216.0,2025-09-29 01:28:43.226857+00:00,4.6,5.006553205255672,4.848256513487408,6.723345072705582,4.621640834800714,4.475522271102029,6.12153386958283,6.054704099586011,femenino
20,5,2025-10-19 01:28:43.226889+00:00,2025-10-12 01:28:43.226891+00:00,31,2025-07-26 01:28:43.201292,228.0,2025-10-24 01:28:43.226889+00:00,4.6,5.006553205255672,4.848256513487408,6.723345072705582,4.621640834800714,4.475522271102029,6.12153386958283,6.054704099586011,femenino
21,5,2025-11-08 01:28:43.226915+00:00,2025-11-01 01:28:43.226918+00:00,31,2025-07-26 01:28:43.201292,238.0,2025-11-09 01:28:43.226915+00:00,3.6,5.006553205255672,4.848256513487408,6.723345072705582,4.621640834800714,4.475522271102029,6.12153386958283,6.054704099586011,femenino
2,2,2025-08-20 01:28:43.220875+00:00,2025-08-13 01:28:43.222690+00:00,32,2025-07-26 01:28:43.121661,,,,3.3878842052029023,4.62345786221174,2.3015395534971574,4.424066734195108,4.5679006774051185,3.293726184604801,7.956434681995566,otro
3,2,2025-09-09 01:28:43.222783+00:00,2025-09-02 01:28:43.222788+00:00,32,2025-07-26 01:28:43.121661,,,,3.3878842052029023,4.62345786221174,2.3015395534971574,4.424066734195108,4.5679006774051185,3.293726184604801,7.956434681995566,otro
4,2,2025-09-29 01:28:43.222826+00:00,2025-09-22 01:28:43.222829+00:00,32,2025-07-26 01:28:43.121661,27.0,2025-09-29 01:28:43.222826+00:00,4.6,3.3878842052029023,4.62345786221174,2.3015395534971574,4.424066734195108,4.5679006774051185,3.293726184604801,7.956434681995566,otro
5,2,2025-10-19 01:28:43.222857+00:00,2025-10-12 01:28:43.222860+00:00,32,2025-07-26 01:28:43.121661,,,,3.3878842052029023,4.62345786221174,2.3015395534971574,4.424066734195108,4.5679006774051185,3.293726184604801,7.956434681995566,otro
6,2,2025-11-08 01:28:43.222884+00:00,2025-11-01 01:28:43.222887+00:00,32,2025-07-26 01:28:43.121661,51.0,2025-11-08 01:28:43.222884+00:00,4.4,3.3878842052029023,4.62345786221174,2.3015395534971574,4.424066734195108,4.5679006774051185,3.293726184604801,7.956434681995566,otro
